use_case,complexity,domain,prompt
text-generation,low,email,Write a brief apology email to a customer whose order was delayed by two weeks due to a warehouse issue. Offer a 15% discount on their next purchase.
text-generation,low,email,"Draft a welcome email for a new SaaS subscriber. Include onboarding steps, a link to the help center, and a prompt to book a customer success call."
text-generation,low,email,Compose a reference request email asking a former manager if they'd be willing to serve as a professional reference for a new job application.
text-generation,low,email,"Write a newsletter unsubscribe acknowledgment email that is warm, non-guilt-tripping, and offers a preference center link."
text-generation,low,email,"Draft a follow-up email sequence (3 emails, one per week) for a lead who downloaded a whitepaper but hasn't booked a demo."
text-generation,low,summary,"Summarize the key plot points of a three-act story structure in under 200 words, as if briefing a film producer."
text-generation,low,summary,Condense a 10-page employee handbook section on PTO policy into a single-page FAQ suitable for new hires.
text-generation,low,summary,Write a plain-language summary of a clinical trial abstract about a new hypertension medication for a patient audience.
text-generation,low,summary,Summarize the key differences between supervised and unsupervised machine learning in three sentences for a non-technical executive.
text-generation,low,social,Write five Instagram captions for a specialty coffee brand's new single-origin Ethiopian pour-over. Vary tone from sensory to storytelling.
text-generation,low,social,Draft a Reddit post for r/personalfinance asking for advice on whether to pay off a student loan early or invest the extra cash in index funds.
text-generation,low,social,Create a YouTube video description for a 10-minute tutorial on how to set up a personal Notion dashboard for weekly planning.
text-generation,low,product,Write a product description for a standing desk converter targeting remote workers with limited space. Highlight ergonomic benefits.
text-generation,low,product,Draft three A/B test variants of a CTA button label for a SaaS pricing page. The goal is free trial signups.
text-generation,low,product,Write a 50-word tagline and one-sentence value proposition for a fintech app that rounds up purchases and invests the spare change.
text-generation,low,report,"Write an incident report template for a software outage. Include fields for timeline, root cause, impact, and preventive measures."
text-generation,low,report,"Draft a one-page status update memo for stakeholders on a delayed product launch, explaining the cause and revised timeline."
text-generation,low,hr,Write a job description for a mid-level data analyst role at a fintech startup. Include must-haves and nice-to-haves separately.
text-generation,low,hr,"Draft a performance improvement plan (PIP) cover letter that is firm but empathetic, outlining expectations and support offered."
text-generation,low,creative,Write the opening paragraph of a cozy mystery novel set in a Scottish seaside town where the local librarian discovers a body in the rare books room.
text-generation,low,creative,Compose a limerick about the existential dread of receiving a calendar invite for a meeting that could have been an email.
text-generation,low,creative,Write a short horror story (under 300 words) where the monster is unreliable Wi-Fi during a critical video job interview.
text-generation,low,educational,Explain the difference between margin and markup to a first-year business student using a concrete example from a bakery.
text-generation,low,educational,"Write an ELI5 explanation of how HTTPS encryption works, using an analogy appropriate for a curious 12-year-old."
text-generation,low,educational,"Create a study guide outline for the causes of World War I, suitable for a high school history exam."
text-generation,low,technical,"Write API documentation for a single REST endpoint: POST /users/register. Include request body schema, success response, and common error codes."
text-generation,low,technical,Draft a README.md for a personal open-source CLI tool that converts Markdown files to styled HTML. Include installation and usage sections.
text-generation,low,policy,Write a plain-English privacy policy section explaining what cookies are collected on a blog and why.
text-generation,low,policy,"Draft a remote work policy for a 50-person company covering core hours, equipment reimbursement, and communication expectations."
text-generation,mid,business,"Write a 600-word executive briefing arguing for investing in a company-wide AI upskilling program, targeting a skeptical CFO audience. Include ROI framing and risk mitigation."
text-generation,mid,business,"Draft a competitive analysis memo comparing three cloud storage vendors (AWS S3, Google Cloud Storage, Azure Blob) across cost, performance, compliance, and support. Recommend one for a healthcare startup."
text-generation,mid,persuasive,"Write a 500-word op-ed arguing that four-day work weeks increase productivity, targeting a mainstream business publication. Use three supporting studies and preempt the strongest counterargument."
text-generation,mid,persuasive,Compose a fundraising appeal letter for a nonprofit that provides coding education to incarcerated people. Make the emotional and rational case simultaneously. 400–500 words.
text-generation,mid,creative,Write the first chapter (600–800 words) of a near-future thriller where a whistleblower discovers that an AI system used for parole decisions has been deliberately manipulated.
text-generation,mid,creative,Write a short story (500 words) told entirely through Slack messages between two colleagues who gradually realize they are working at competing companies on the same product.
text-generation,mid,creative,Write a product review for a fictional kitchen gadget — The Sourdough Oracle — that is both earnestly helpful and subtly absurdist.
text-generation,mid,report,"Write a post-mortem report for a production database outage that lasted 4 hours and affected 30,000 users. Cover timeline, root cause (a misconfigured migration), impact, and three systemic improvements."
text-generation,mid,report,Write a 500-word UX research report summarizing findings from 8 user interviews on a mobile banking app's onboarding flow. Identify top three pain points and recommend design changes.
text-generation,mid,technical,"Write a technical design document for a URL shortener service. Cover API design, database schema, hashing strategy, scalability considerations, and potential failure modes."
text-generation,mid,technical,"Draft a migration guide for engineering teams moving from REST to GraphQL. Cover schema design differences, query optimization, authentication changes, and common gotchas. Target audience: senior engineers."
text-generation,mid,educational,"Write a lesson plan for a 60-minute high school class on algorithmic bias. Include a warm-up activity, main lecture points, a case study discussion, and an exit ticket."
text-generation,mid,educational,"Write a 400-word explainer on how central banks use interest rate policy to manage inflation, suitable for a financially literate but non-economist audience."
text-generation,mid,policy,"Draft a company-wide AI usage policy covering acceptable use, data privacy rules, disclosure requirements when AI-generated content is published externally, and enforcement mechanisms."
text-generation,mid,policy,"Write a vendor due diligence questionnaire for assessing a third-party SaaS vendor's security posture. Include sections on data handling, SOC 2 compliance, incident response, and SLA terms."
text-generation,mid,product,"Write a product requirements document (PRD) for a browser extension that summarizes any open browser tab on demand. Include user stories, non-goals, and success metrics."
text-generation,mid,product,"Write a go-to-market strategy summary for a B2B SaaS tool that automates invoice reconciliation for accounting teams. Cover target segment, positioning, pricing model, and launch channels."
text-generation,mid,hr,"Write a 360-degree performance review guide for managers. Include instructions, sample questions for peers, direct reports, and self-assessment, plus guidance on avoiding recency and halo biases."
text-generation,mid,hr,"Draft a structured interview scorecard for evaluating candidates for a senior product manager role. Include five competencies, three questions per competency, and a 1–5 rubric."
text-generation,mid,strategic,Write a SWOT analysis narrative (not just a table) for a legacy newspaper entering the creator economy by launching a Substack-style subscription platform.
text-generation,mid,strategic,"Draft a 12-month content strategy for a B2B cybersecurity company targeting CISOs. Cover content pillars, channel mix, cadence, and how to measure thought leadership impact."
text-generation,mid,legal,Write a plain-English explanation of GDPR Article 17 (right to erasure) for a product team about to build a user data deletion feature.
text-generation,mid,research,"Write the methodology section of a research proposal investigating the effect of sleep deprivation on decision-making quality among ICU nurses. Include study design, sample size justification, and ethical considerations."
text-generation,mid,research,"Write a literature review outline (with paragraph-level summaries) on the economics of platform monopolies, covering at least five distinct scholarly arguments."
text-generation,mid,social,"Write a month-long LinkedIn content calendar (20 posts) for a solo consultant specializing in supply chain resilience. Include post type, hook, and key message for each."
text-generation,mid,email,"Write a crisis communication email to customers after a data breach exposed email addresses and hashed passwords. Strike the right legal, empathetic, and transparent tone. Include next steps."
text-generation,mid,creative,Write a 500-word scene from a literary novel where two estranged siblings are forced to sort through their late mother's belongings. Show the tension without stating it directly.
text-generation,mid,educational,"Write an analogy-rich explanation of how transformer attention mechanisms work, targeting an ML engineer who knows Python but has never read the original paper."
text-generation,mid,technical,"Write a runbook for on-call engineers responding to a Redis cache eviction spike. Include diagnosis commands, escalation criteria, and rollback steps."
text-generation,mid,business,"Write a board presentation narrative (not slides) summarizing a Series B startup's performance against OKRs, explaining two major misses without losing investor confidence."
text-generation,high,strategic,"Write a comprehensive 1,000-word strategic memo arguing that a major ride-sharing company should pivot to autonomous freight delivery. Address market sizing, competitive moat, capital requirements, regulatory risk, and a phased transition roadmap. Anticipate and rebut three board-level objections."
text-generation,high,policy,"Draft a 900-word AI governance framework for a publicly traded financial institution. It must cover model risk management, explainability requirements, bias auditing cadence, regulatory alignment with EU AI Act and SEC guidance, and escalation protocols for high-stakes model failures."
text-generation,high,technical,"Write a comprehensive architectural decision record (ADR) for adopting event sourcing over a traditional CRUD architecture for a high-volume e-commerce order management system. Cover problem statement, decision drivers, options considered, trade-offs, consequences, and implementation risks."
text-generation,high,research,"Write the introduction and discussion sections of a mock academic paper arguing that large language models exhibit emergent compositional reasoning that is qualitatively different from interpolation. Engage with skeptical positions from Bender et al. and Mitchell et al., and propose a falsifiable experimental design."
text-generation,high,creative,"Write a 1,000-word opening of a speculative fiction novel set in 2047 where a global carbon credit exchange has become the de facto world government. Establish three morally complex characters, hint at the central conflict, and embed specific technical worldbuilding details that feel earned rather than expository."
text-generation,high,business,"Write a full investor narrative for a pre-IPO SaaS company's S-1 'Business' section. Cover the problem, solution, market opportunity (TAM/SAM/SOM), product differentiation, go-to-market strategy, competitive landscape, and business model. Use specific (plausible) metrics throughout. ~1,000 words."
text-generation,high,legal,"Draft a 900-word legal memorandum analyzing whether a mobile app's use of device accelerometer data to infer user emotional states constitutes biometric data collection under Illinois BIPA, California CPRA, and EU GDPR simultaneously. Identify conflicts across jurisdictions and recommend a compliance path."
text-generation,high,policy,"Write a detailed whistleblower protection policy for a multinational corporation, covering internal reporting channels, anti-retaliation safeguards, anonymous disclosure mechanisms, legal protections across US/EU/UK jurisdictions, and how investigations will be handled independently of HR."
text-generation,high,educational,"Design a full 8-week online course syllabus on 'Applied Causal Inference for Product Teams.' Include weekly learning objectives, readings (real or plausible), lab assignments, and a capstone project. The course should bridge statistics and product decision-making for data scientists with no prior causal inference background."
text-generation,high,technical,"Write a comprehensive disaster recovery plan for a fintech company processing $2B in daily transactions. Cover RPO/RTO targets, failover architecture, data replication strategy, runbooks for five specific failure scenarios, communication templates, and quarterly DR test procedures."
text-generation,high,report,"Write a 1,000-word investigative report (journalistic style) on the unintended consequences of algorithmic content moderation on small-language-community online spaces. Synthesize three distinct harms, quote fictional but plausible community advocates, and include a policy recommendation section."
text-generation,high,research,"Write a grant proposal abstract and specific aims page for NIH R01 funding investigating the causal relationship between social media use patterns and adolescent sleep architecture, using EEG-based polysomnography as the primary outcome measure."
text-generation,high,strategic,"Write a 1,000-word corporate narrative for a legacy automotive OEM announcing a full transition to software-defined vehicles by 2030. Address the talent transformation required, the platform partnerships needed, the IP strategy, and how to maintain dealer channel relationships during the transition."
text-generation,high,creative,"Write a 900-word short story in second person about a quantum computing researcher who discovers that the multiverse branching she's observing in her experiments is being deliberately pruned by an unknown agent. The story should be scientifically grounded, psychologically tense, and end ambiguously."
text-generation,high,policy,"Draft a comprehensive data retention and deletion policy for a healthcare SaaS platform operating under HIPAA, SOC 2 Type II, and GDPR. Cover retention schedules by data category, deletion verification procedures, backup purge protocols, legal hold exceptions, and audit logging requirements."
text-generation,high,business,"Write a full competitive intelligence report on the conversational AI space (2024–2025) for a VC firm conducting due diligence on a Series A startup. Cover market dynamics, key player differentiation, defensibility analysis, emerging threat vectors, and investment thesis risks."
text-generation,high,technical,"Write a detailed technical specification for building a real-time collaborative document editor (like Google Docs) from scratch. Cover the CRDT or OT algorithm choice, WebSocket architecture, conflict resolution, offline sync, access control model, and scalability to 10,000 concurrent users per document."
text-generation,high,creative,"Write the first 900 words of a literary novel structured as a series of Wikipedia article drafts and their edit histories, where the edits gradually reveal that the article's subject — a minor 20th-century diplomat — was actually a key figure in a cold war atrocity being actively suppressed."
text-generation,high,educational,"Write a comprehensive curriculum guide for teaching algorithmic fairness to undergraduate computer science students with no prior ethics coursework. Include three weeks of content with readings, discussion prompts, a coding lab (audit a hiring classifier for disparate impact), and assessment rubrics."
text-generation,high,strategic,"Write a 1,000-word white paper arguing that sovereign wealth funds should adopt a 15% minimum allocation to climate-resilient infrastructure by 2030. Include macroeconomic rationale, risk-adjusted return analysis, portfolio construction guidance, and responses to the three most common institutional objections."
code-generation,low,python,Write a Python function that takes a list of email addresses and returns only those that are valid using regex. Include at least three test cases.
code-generation,low,python,"Write a Python script that reads a CSV file, removes duplicate rows based on a specified column, and writes the result to a new CSV."
code-generation,low,python,Implement a Python decorator that logs the execution time of any function it wraps. Include usage example.
code-generation,low,python,"Write a Python function to flatten a nested dictionary to a single-level dict with dot-notation keys. E.g., {'a': {'b': 1}} → {'a.b': 1}."
code-generation,low,python,"Write a Python context manager that temporarily changes the working directory and restores it on exit, even if an exception occurs."
code-generation,low,javascript,"Write a JavaScript function that deep-clones an object without using JSON.parse/stringify, handling circular references gracefully."
code-generation,low,javascript,Implement a JavaScript debounce function from scratch. Include a leading-edge option and a test example using setTimeout.
code-generation,low,javascript,"Write a React custom hook useLocalStorage(key, initialValue) that syncs state with localStorage and handles JSON serialization/deserialization."
code-generation,low,javascript,Write a pure JavaScript function that parses a URL query string into a plain object without using URLSearchParams.
code-generation,low,javascript,"Implement an event emitter class in JavaScript with on, off, once, and emit methods. Include usage examples."
code-generation,low,sql,"Write a SQL query to find the top 5 customers by total revenue in the last 90 days, including customers with zero purchases (show them as 0)."
code-generation,low,sql,"Write a SQL query that detects duplicate email addresses in a users table, showing the email and the count of occurrences."
code-generation,low,sql,Write a SQL query using window functions to rank employees within each department by salary and return only the top 3 per department.
code-generation,low,sql,Write a SQL migration script to add a non-nullable column with_default to an existing high-traffic table with zero downtime strategy described in comments.
code-generation,low,bash,Write a bash script that monitors a log file in real time and sends an alert (echo to stderr) whenever a line containing 'ERROR' or 'CRITICAL' appears.
code-generation,low,bash,Write a bash one-liner that recursively finds all .env files in a directory tree and redacts lines containing API_KEY or SECRET before printing them.
code-generation,low,bash,"Write a bash script that backs up a PostgreSQL database, compresses it with gzip, names the file with a timestamp, and deletes backups older than 7 days."
code-generation,low,api,Write a minimal Express.js REST API with CRUD endpoints for a 'tasks' resource. Include input validation and return proper HTTP status codes.
code-generation,low,api,"Write a Python Flask endpoint that accepts a JSON body, validates required fields, and returns a 422 with detailed field-level errors if validation fails."
code-generation,low,data,"Write a Python function using pandas that reads a sales CSV, handles missing values by forward-filling, computes a 7-day rolling average for each product, and exports results."
code-generation,low,data,"Write a Python script that connects to a SQLite database, runs a query, and outputs the result as a nicely formatted markdown table."
code-generation,low,python,Implement a Python class for a simple LRU cache with get and put operations in O(1) time. Include docstrings and unit tests.
code-generation,low,python,Write a Python script that uses the requests library to poll a REST API every 30 seconds and writes any status changes to a log file.
code-generation,low,javascript,Write a vanilla JavaScript infinite scroll implementation that fetches the next page of results from an API when the user reaches 80% of the page height.
code-generation,low,python,Write a Python function that parses a cron expression string and returns the next 5 scheduled run times as datetime objects.
code-generation,low,bash,"Write a bash script that takes a directory path as an argument and produces a report of the 10 largest files, their sizes in human-readable format, and their last modified dates."
code-generation,low,sql,"Write a SQL query that pivots monthly sales data (rows: month, product, revenue) into a wide table with one column per month."
code-generation,low,api,"Write a Python script using the httpx async client to fetch data from 50 URLs concurrently, handle timeouts and retries with exponential backoff, and return results as a list."
code-generation,low,python,"Write a Python function that converts any timezone-naive datetime to UTC using the user's local timezone detected from the system, with proper error handling."
code-generation,low,javascript,Write a TypeScript utility type DeepPartial<T> that recursively makes all properties of an object type optional. Include test types.
code-generation,mid,python,"Implement a generic retry decorator in Python with configurable max attempts, exponential backoff, jitter, and a list of retryable exception types. Show a realistic usage example hitting a flaky HTTP API."
code-generation,mid,python,"Build a Python CLI tool using Click that takes a directory path and a regex pattern, searches all .py files recursively, and outputs matching lines with file path and line number. Add --output-file and --case-insensitive flags."
code-generation,mid,python,"Implement a Python class that wraps a PostgreSQL connection pool (using asyncpg), supports context-managed transactions, and automatically retries on serialization failures. Include connection health checking."
code-generation,mid,python,"Write a Python data pipeline that ingests JSON events from a Kafka topic (mock the consumer), validates each event against a Pydantic schema, transforms the data, and upserts into PostgreSQL using batch inserts. Include dead-letter queue logic for invalid events."
code-generation,mid,javascript,"Build a rate limiter middleware for Express.js using a sliding window algorithm backed by Redis. It should support per-user and per-IP limits, return Retry-After headers, and fail open when Redis is unavailable."
code-generation,mid,javascript,"Implement a JavaScript state machine class that manages transitions, guards, entry/exit actions, and nested states. Demonstrate with a traffic light that has a fault mode."
code-generation,mid,javascript,"Write a React component that implements a virtualized list capable of rendering 100,000 items smoothly. Implement the windowing logic from scratch without using external libraries."
code-generation,mid,javascript,"Build a full TypeScript module for a publish-subscribe system that supports typed events, wildcard subscriptions, middleware pipelines, and async handlers with error boundaries."
code-generation,mid,sql,"Write a SQL stored procedure that calculates a customer lifetime value (CLV) score using a weighted formula (recency, frequency, monetary value), stores the result in a summary table, and logs execution metadata. Optimize for a 10M row orders table."
code-generation,mid,sql,"Design and implement a PostgreSQL schema for a multi-tenant SaaS application with row-level security policies ensuring tenants can only access their own data. Include indexes, foreign keys, and demonstrate with sample RLS policies."
code-generation,mid,python,"Implement a Python parser for a simple expression language that supports arithmetic operators, parentheses, variables, and function calls. Use a recursive descent approach and return an AST."
code-generation,mid,ml,"Write a Python class that implements logistic regression with gradient descent from scratch (no sklearn). Include L2 regularization, early stopping, learning rate scheduling, and mini-batch support. Validate against sklearn on the breast cancer dataset."
code-generation,mid,ml,"Build a Python pipeline that trains a text classification model on a CSV dataset, evaluates it with stratified k-fold cross-validation, tunes hyperparameters using Optuna, and exports the best model with full metadata."
code-generation,mid,security,"Write a Python module for securely handling user passwords: hash with bcrypt, verify, enforce complexity rules, detect compromised passwords via the HaveIBeenPwned k-anonymity API, and log suspicious patterns without storing plaintext."
code-generation,mid,devops,"Write a Dockerfile and docker-compose.yml for a production-ready Python FastAPI application with: multi-stage build, non-root user, health checks, Postgres and Redis services, volume mounts for persistent data, and environment variable templating."
code-generation,mid,devops,"Write a GitHub Actions CI/CD workflow that runs tests, builds a Docker image, pushes to ECR, and deploys to ECS using a rolling update strategy. Include environment-specific secrets handling and a rollback step on failure."
code-generation,mid,api,"Design and implement a REST API versioning strategy in FastAPI. Support v1 and v2 simultaneously, handle breaking schema changes gracefully using adapter pattern, and add deprecation warning headers to v1 responses."
code-generation,mid,data,"Write a Python ETL script that extracts data from a paginated REST API (handle rate limits), transforms records (normalize dates, deduplicate, classify), and loads into BigQuery using streaming inserts with error partitioning."
code-generation,mid,system,"Implement a Python thread-safe, bounded blocking queue from scratch using only threading primitives (no queue.Queue). Demonstrate producer-consumer usage with multiple threads and graceful shutdown."
code-generation,mid,system,"Build a Python in-memory job queue with priority levels, delayed execution (schedule_at), job deduplication by key, and a worker pool. The system should survive queue-full conditions gracefully."
code-generation,mid,python,"Implement a Python library for feature flagging: define flags with rollout percentages, user targeting rules, and kill switches. Persist flag state to a JSON file and provide a thread-safe evaluation API."
code-generation,mid,javascript,"Build a full-featured browser-side form validation library in TypeScript with: declarative rules, async validators, cross-field dependencies, internationalization support, and accessibility-compliant error rendering."
code-generation,mid,debugging,"Here is a Python asyncio-based web scraper that intermittently deadlocks under load. Identify all concurrency bugs, explain why each occurs, and provide a corrected implementation. [Include a 60-line buggy code snippet as part of the prompt setup]"
code-generation,mid,security,"Write a Python middleware layer for a FastAPI application that implements OWASP Top 10 defenses: SQL injection prevention, XSS header policies, CSRF token validation, rate limiting, and input size limits. Show configuration examples."
code-generation,mid,ml,"Implement a complete A/B testing framework in Python: assign users to variants consistently via hashing, log events, compute frequentist and Bayesian significance, detect novelty effects, and output a decision report."
code-generation,mid,data,"Write a Python script that ingests a messy Excel file (multiple header rows, merged cells, mixed data types), cleans and normalizes it using openpyxl and pandas, validates the schema, and produces a cleaned parquet output with a data quality report."
code-generation,mid,system-design,"Implement a Python token bucket rate limiter that works correctly across multiple processes using Redis as the shared state store. Handle Redis connection failures, clock skew, and provide a context manager interface."
code-generation,mid,api,"Build a webhook delivery system in Python: receive events, persist to a queue, deliver to subscriber URLs with retry logic (exponential backoff, dead-letter after 5 failures), verify HMAC signatures, and expose a delivery status API."
code-generation,mid,python,"Write a Python library that provides a declarative configuration system: define config schemas with types, defaults, and validation rules; load from YAML/env vars with precedence; support secret references to AWS SSM Parameter Store."
code-generation,mid,bash,"Write a bash script that performs a zero-downtime deployment of a Node.js application: pull new Docker image, run smoke tests against the new container, switch nginx upstream, drain old connections, and rollback on any failure."
code-generation,high,system-design,"Design and implement a distributed rate limiter in Python that works correctly across a cluster of API servers. Use Redis with Lua scripting to ensure atomicity, implement the sliding window log algorithm, handle Redis failover gracefully with a local fallback, and expose Prometheus metrics. Include a load test harness."
code-generation,high,system-design,"Implement a complete CQRS + event sourcing system in Python for an e-commerce order domain. Include: command handlers, event store (PostgreSQL), projections for read models, snapshot strategy after N events, event replay for rebuilding state, and an optimistic concurrency control mechanism."
code-generation,high,system-design,"Build a Python implementation of the Saga pattern for a distributed transaction spanning three microservices (order, payment, inventory). Implement both choreography and orchestration variants, handle partial failures with compensating transactions, and include a saga state machine with persistence."
code-generation,high,ml,"Implement a complete transformer model from scratch in PyTorch (no Hugging Face): multi-head self-attention, positional encoding, encoder-decoder architecture, label smoothing loss, learning rate warmup schedule, and gradient clipping. Train on a toy sequence-to-sequence task and plot attention weights."
code-generation,high,ml,"Build a production-grade ML feature store in Python: define features with transformations, support point-in-time correct lookups for training data (no data leakage), serve online features with Redis caching, track feature lineage, and expose a unified API for training and inference. Handle schema evolution."
code-generation,high,python,"Implement a Python bytecode interpreter for a subset of Python: support integers, booleans, arithmetic, comparison, if/else, while loops, function definitions, closures, and recursion. Parse bytecode from Python's dis module and execute it in your interpreter."
code-generation,high,python,"Build a Python library for declarative data pipelines: define pipeline stages as composable classes with typed inputs/outputs, support branching and merging data flows, detect cycles, execute stages in topological order with parallelism where possible, and provide visual graph rendering."
code-generation,high,system-design,"Implement a distributed consensus algorithm (Raft) in Python. Cover leader election, log replication, commitment, membership changes, and log compaction via snapshots. Build a key-value store on top of it and demonstrate correct behavior under network partition simulations."
code-generation,high,security,"Build a Python-based mTLS certificate lifecycle management system: generate CA and leaf certificates using cryptography library, auto-rotate before expiry, distribute via Vault or environment injection, validate chains on connection setup, and audit all certificate events. Include multi-environment support."
code-generation,high,system-design,"Design and implement a real-time bidding (RTB) auction engine in Python capable of processing 50,000 bid requests per second. Cover auction logic (second-price), budget pacing, frequency capping, creative validation, timeout handling (100ms max), and metrics collection. Include a benchmarking suite."
code-generation,high,ml,"Implement a complete recommender system pipeline in Python: collaborative filtering (matrix factorization with SGD), content-based model using TF-IDF + cosine similarity, hybrid ensemble, online learning update mechanism, A/B testing infrastructure, and a Flask serving layer with latency SLOs."
code-generation,high,devops,"Write a complete Kubernetes operator in Python using kopf that manages a custom CRD for a 'ManagedPostgres' resource. It should provision RDS instances via boto3, manage connection pooling via PgBouncer, handle upgrades, backups, and restore operations, and expose custom metrics to Prometheus."
code-generation,high,python,"Implement a Python async task queue from scratch (like a minimal Celery): define tasks with decorators, serialize to Redis, worker pool with configurable concurrency, task routing by type, priority queues, result backend, retry with backoff, task chaining, and a CLI for inspection."
code-generation,high,javascript,"Build a collaborative real-time code editor in TypeScript using Operational Transformation. Implement the server (Node.js + WebSocket), the OT algorithm for concurrent edits, client-side document model, undo/redo stack, cursor tracking across clients, and reconnection with state resync."
code-generation,high,system-design,"Design a multi-region active-active database replication system using PostgreSQL logical replication. Implement conflict detection and resolution (last-write-wins with vector clocks), automatic failover, lag monitoring, and a Python control plane that manages topology changes without downtime."
code-generation,high,debugging,"You are given a 200-line Python asyncio service that exhibits subtle race conditions: tasks occasionally see stale cache values, some WebSocket connections silently drop events under load, and the graceful shutdown occasionally hangs. Systematically diagnose using asyncio debugging tools, identify all issues, explain their root causes, and provide a fully corrected implementation."
code-generation,high,ml,"Implement a complete online learning system for a click-through rate prediction model: process Kafka events, incrementally update a logistic regression model using mini-batch SGD, handle concept drift with a drift detector (ADWIN), shadow-deploy a new model variant, compare metrics, and promote automatically if performance improves."
code-generation,high,python,"Build a Python library for schemaless graph queries over a property graph stored in PostgreSQL (using recursive CTEs and JSONB). Support pattern matching (node-edge-node), path finding, aggregation over graph properties, and index recommendations based on query patterns."
code-generation,high,system-design,"Implement a Python-based workflow orchestration engine supporting: DAG definition via decorators, dependency resolution, parallel execution with worker pool, timeout and retry per task, dynamic task generation, state persistence with PostgreSQL, UI-ready event streaming via SSE, and a plugin system for custom executors."
code-generation,high,security,"Build a complete OAuth 2.0 authorization server in Python from scratch (no oauth2 libraries): implement authorization code flow with PKCE, device flow, token introspection, token revocation, refresh token rotation, rate limiting on token endpoints, and JWKS endpoint. Include a client management API."
reasoning,low,logic,A farmer has 17 sheep. All but 9 die. How many sheep are left? Explain your reasoning step by step.
reasoning,low,math,A train leaves Chicago at 8am traveling at 60mph toward New York. Another leaves New York at 10am at 80mph toward Chicago. The distance between cities is 790 miles. At what time do they meet? Show all work.
reasoning,low,logic,"You have three boxes: one contains only apples, one only oranges, and one a mix. All three are mislabeled. You can draw one fruit from one box. How do you determine the contents of all three boxes? Walk through your logic."
reasoning,low,causal,A company introduces a free lunch program. Employee satisfaction scores rise by 20%. A manager concludes that free lunch causes satisfaction. Identify at least three alternative explanations and explain how you'd test the causal claim.
reasoning,low,decision,You're choosing between two job offers: Offer A pays $95K with a 2-hour commute and great work-life balance. Offer B pays $115K with a 30-minute commute but a high-stress culture. Walk through a structured decision-making process. What additional information would you need?
reasoning,low,logic,Five friends sit in a row. Alice is not next to Bob. Carol is to the left of David. Bob is to the right of Eve. Eve is not at either end. List all valid seating arrangements.
reasoning,low,estimation,How many piano tuners are in Chicago? Walk through a Fermi estimation step by step.
reasoning,low,probability,A bag has 3 red and 5 blue marbles. You draw two marbles without replacement. What is the probability that both are blue? Show all steps.
reasoning,low,causal,A study finds that countries with higher chocolate consumption have more Nobel Prize winners per capita. Is this evidence that chocolate makes people smarter? What confounders explain this? How would you design a study to test causality?
reasoning,low,decision,"You're a product manager and must cut two features from a release due to an engineering shortfall. Your team has built features A (high impact, 80% complete), B (medium impact, 95% complete), C (low impact, 30% complete), and D (high impact, 50% complete). Walk through your decision framework."
reasoning,low,logic,"In a village, every barber shaves exactly those people who do not shave themselves. Does the barber shave himself? Explain the paradox fully."
reasoning,low,math,"You invest $10,000 at 7% annual compound interest. How much will it be worth after 20 years? After how many years will it double? Show your calculations."
reasoning,low,estimation,How many golf balls fit in a school bus? Show your Fermi approach with labeled assumptions.
reasoning,low,causal,Ice cream sales and drowning rates are correlated. Explain why this is not causation. What is the correct causal model? How would you visualize it using a causal diagram?
reasoning,low,decision,"You have $500 to spend on marketing for a local restaurant. Your options are: Google Ads (measurable, delayed), flyers (cheap, low targeting), Instagram ads (visual, fast feedback), or partnering with a food blogger (uncertain, high potential). How do you allocate the budget and why?"
reasoning,low,logic,"Four cards are on a table, each with a letter on one side and a number on the other. You see: A, K, 4, 7. Which cards must you flip to test the rule 'If a card has a vowel on one side, it has an even number on the other'?"
reasoning,low,probability,"What is the probability that in a group of 23 randomly chosen people, at least two share a birthday? Explain the birthday problem intuitively and mathematically."
reasoning,low,estimation,How much data (in GB) does a typical Netflix user stream per month? Walk through your assumptions.
reasoning,low,causal,A school introduces a new reading program and test scores rise. The principal says the program caused the improvement. What three alternative hypotheses would a methodologically rigorous evaluator consider first?
reasoning,low,decision,"Your startup has runway for 6 months. You can: (a) raise a bridge round now at unfavorable terms, (b) cut 30% of staff to extend runway to 12 months, or (c) aggressively close two large enterprise deals. What is your decision framework and which factors are most important?"
reasoning,mid,strategic,"A fintech startup has two growth strategies: (A) acquire 10,000 low-income users in underserved markets via partnerships with NGOs — lower LTV but high mission alignment; (B) target 1,000 high-income users with premium features — higher LTV but high CAC and churn risk. Analyze both strategies across at least five dimensions and recommend one with clear reasoning."
reasoning,mid,ethical,"A self-driving car cannot avoid an accident. It must choose between hitting one elderly pedestrian or swerving to hit two young cyclists. Analyze this trolley problem variant using utilitarian, deontological, and virtue ethics frameworks. Then argue for what decision rule the car's algorithm should use in practice."
reasoning,mid,causal,"A social media platform notices that users who receive push notifications engage 40% more. It plans to increase notification frequency. Construct the full causal DAG for this decision, identify at least two collider-bias risks, explain how the platform might mistake a short-term engagement boost for long-term retention improvement, and design an experiment to isolate the true effect."
reasoning,mid,math,Prove that the square root of 2 is irrational using a proof by contradiction. Then explain why this proof technique works and give a second example of a result proven by contradiction.
reasoning,mid,probability,A medical test for a rare disease (1% prevalence) has 95% sensitivity and 90% specificity. A patient tests positive. What is the probability they actually have the disease? Walk through using Bayes' theorem. Then explain why doctors systematically misjudge this and what the implication is for interpreting screening tests.
reasoning,mid,decision,"You are the CTO of a 200-person company. A critical production bug has been discovered at 11pm Friday. It affects 5% of users, causes data inconsistency (not loss), and a fix will take 8 hours. Your options: (a) roll back immediately and lose 6 hours of user data, (b) patch overnight with 3 engineers and risk a botched fix, (c) disable the affected feature and notify users. Reason through all three systematically, including second-order effects."
reasoning,mid,estimation,"Estimate the annual revenue of a hypothetical 'Netflix for audiobooks' service if it reaches the scale of Spotify's podcast listeners (500M users). Walk through a bottom-up model covering conversion rate, pricing tiers, churn, and content costs."
reasoning,mid,causal,"Analyze the following A/B test result: Control group (n=50,000): 3.2% conversion. Treatment group (n=50,000): 3.5% conversion. p=0.04. Before concluding the treatment works, identify at least five methodological concerns that could invalidate this result and explain how to address each."
reasoning,mid,strategic,"You are advising a public library system facing a 30% budget cut. They can: cut hours at 20% of branches, close 5% of branches entirely, eliminate digital services, or cut acquisitions by 50%. Reason through the first and second-order effects of each option, considering equity impacts across demographics."
reasoning,mid,ethical,"An AI hiring tool trained on historical data rejects candidates from certain zip codes at a rate 3x higher than others. The tool's overall performance (AUC) is 0.85 vs 0.79 for human reviewers. Analyze the fairness-accuracy tradeoff using at least three fairness criteria (demographic parity, equalized odds, individual fairness). What should the company do?"
reasoning,mid,logic,"Design a logic puzzle with exactly one solution: five engineers (Alice, Ben, Carol, David, Eve) each use a different programming language (Python, Rust, Go, TypeScript, Haskell), work in different time zones (UTC-8 to UTC+9), and prefer different editors (vim, emacs, VS Code, IntelliJ, Sublime). Provide 8 clues and verify your solution is unique."
reasoning,mid,probability,"You are given a biased coin with unknown probability p of heads. You flip it 100 times and get 63 heads. (a) Compute the maximum likelihood estimate of p. (b) Construct a 95% confidence interval. (c) Test H0: p=0.5 at α=0.05. (d) Compute the posterior distribution of p assuming a Beta(1,1) prior."
reasoning,mid,decision,"Your company must choose a database for a new product: PostgreSQL (battle-tested, relational), MongoDB (flexible schema, fast iteration), Cassandra (extreme write throughput, complex ops), or DynamoDB (managed, AWS-coupled, expensive at scale). The product is a social fitness app expecting 10M users in year 2 with complex social graph queries. Reason through the decision."
reasoning,mid,causal,"A city deploys CCTV cameras in high-crime neighborhoods. Crime drops 15% in those areas. The mayor claims the cameras reduced crime. Construct three alternative causal explanations, describe the displacement hypothesis, and design a quasi-experimental study (using a difference-in-differences approach) to estimate the causal effect."
reasoning,mid,strategic,"You're a product leader and your NPS has dropped from 42 to 28 over three quarters despite releasing 12 new features. Walk through a diagnostic framework to identify root cause, distinguishing between UX degradation, feature bloat, support failures, and competitive shifts. What leading indicators would you investigate first?"
reasoning,mid,ethical,A pharmaceutical company's new drug shows a 30% improvement in outcomes for 80% of patients but causes severe adverse effects in 5%. The current standard of care has no adverse effects but only 10% improvement. Walk through the benefit-risk analysis a regulatory body would apply. What additional data would change your recommendation?
reasoning,mid,math,"Explain the Monty Hall problem, provide a formal probability proof, and then generalize: if there are N doors, the host opens K losing doors, what is the probability of winning by switching? Derive the formula."
reasoning,mid,estimation,"A fast food chain wants to estimate how many employees it needs for a new location in a suburban area. Walk through a staffing model from first principles, including demand forecasting, shift structure, peak-hour coverage, and attrition buffer."
reasoning,mid,decision,"You're an engineering manager choosing between two candidates for a senior role. Candidate A: brilliant, fast, but known for poor documentation and dismissing junior engineers. Candidate B: solid, collaborative, great mentor, but slower and sometimes needs to be pushed. The team is 4 junior engineers. Walk through your decision with explicit trade-off reasoning."
reasoning,mid,causal,"Explain Simpson's Paradox using a real-world example (e.g., UC Berkeley admissions). Derive the mathematical condition under which the paradox occurs, explain why it matters for A/B testing, and describe how to detect and address it in practice."
reasoning,high,strategic,"You are a strategy consultant advising a major newspaper that generates 60% of revenue from print advertising (declining 15% YoY) and 40% from digital (growing 8% YoY). The board wants a 5-year transformation plan. Construct a full strategic analysis: map the value chain, identify the core vs. contextual capabilities, reason through at least four strategic options (pure pivot, portfolio, platform, retreat), model the financial implications qualitatively, and make a recommendation with explicit assumptions and failure modes."
reasoning,high,ethical,"A government proposes a universal pandemic preparedness program that would require all residents to share anonymized genomic data with a public health database. The program demonstrably saves an estimated 50,000 lives over the next decade but requires mild coercion and creates risks of re-identification, genetic discrimination, and state surveillance. Analyze this using: (1) utilitarian calculus with uncertainty, (2) Kantian categorical imperative, (3) Rawlsian veil of ignorance, (4) capabilities approach (Nussbaum). Identify where the frameworks agree and where they conflict. Then argue for a specific policy position."
reasoning,high,causal,"A tech company's internal data shows that engineers who attend more meetings have higher performance ratings. The VP wants to mandate more meetings. Construct a complete causal analysis: draw the full DAG including likely confounders (seniority, project visibility, team culture), identify at least two paths of collider bias, explain how selection into high-performing teams drives the correlation, propose an instrumental variable, and design a randomized experiment that is feasible within company constraints."
reasoning,high,math,"Prove that there are infinitely many prime numbers using Euclid's proof. Then explain the Riemann Hypothesis at a conceptual level, describe its connection to the distribution of primes, explain why its proof has resisted 165 years of effort, and discuss what a proof or disproof would imply for cryptography and computational complexity."
reasoning,high,probability,"You are designing a fraud detection system. Historical data: 0.1% of transactions are fraudulent. Your model has 99% sensitivity and 99% specificity. (a) What fraction of flagged transactions are actually fraud? (b) If you flag all 'positive' cases for manual review and your review team can handle 500 cases/day out of 1M daily transactions, is this operationally feasible? (c) How does the threshold change if the cost of a missed fraud is 100x the cost of a false positive? (d) What is the expected value of perfect information? Reason through all parts showing your work."
reasoning,high,decision,"You are the CEO of a Series C startup (200 employees, $50M ARR, burning $3M/month, 18 months runway). You receive three simultaneous offers: (A) acquisition offer at 4x ARR with earnout tied to hitting targets you're unsure about; (B) a $40M Series D at a flat $200M valuation; (C) a strategic partnership with a FAANG that would guarantee $20M ARR but limit your market to a vertical. The macro environment is uncertain (rate hikes likely). Construct a full decision analysis including optionality value, downside scenarios, team incentive impacts, and your recommendation."
reasoning,high,ethical,"An AI system used for credit scoring achieves 8% higher accuracy than human underwriters but is a black box. It systematically denies credit to 15% more applicants in majority-minority zip codes, though it is trained only on financial variables. Analyze this across: (1) disparate impact vs. disparate treatment legal distinctions, (2) three competing definitions of algorithmic fairness (and show mathematically that not all can be satisfied simultaneously when base rates differ), (3) the moral weight of accuracy gains vs. equity losses, and (4) what a regulator applying the EU AI Act would require. Propose a path forward."
reasoning,high,strategic,"Design a full go-to-market strategy for launching a new B2B SaaS product into a market dominated by one entrenched player with 70% market share. The incumbent has high switching costs, strong network effects, and a large enterprise sales team. Your product is 30% cheaper, more user-friendly, but lacks enterprise features. Walk through: segmentation (which customers to target first and why), positioning, pricing strategy (including land-and-expand modeling), sales motion, product sequencing to close the feature gap, and metrics that signal product-market fit. Anticipate and counter the incumbent's likely response."
reasoning,high,causal,"Analyze the empirical debate on whether minimum wage increases cause unemployment. Summarize the Card & Krueger natural experiment, the Dube et al. meta-analysis, and the Neumark & Wascher critique. Identify the key identification assumptions in each study, explain what the heterogeneous effects literature reveals, and construct a causal model that reconciles the empirical contradictions. What policy conclusion can be drawn with what confidence?"
reasoning,high,estimation,"Estimate the total economic value destroyed annually by poor software quality in the United States (include: direct costs like bug fixes and outages, indirect costs like lost productivity and security breaches, and opportunity costs). Build a bottom-up model with labeled assumptions, identify the three largest sources of uncertainty, and propose how you would validate your estimate using observable proxies."
reasoning,high,decision,"You are a hospital administrator deciding whether to deploy a new AI diagnostic tool for sepsis detection. The tool has 91% sensitivity, 85% specificity. Current clinical detection: 78% sensitivity, 92% specificity. Sepsis mortality is 25% if untreated, 8% if caught early. False positives trigger a $2,000 antibiotic protocol with a 3% adverse reaction rate. Your ICU sees 400 patients/month. (a) Compute the expected outcomes under both approaches. (b) Analyze who bears the harm of each error type. (c) How does the analysis change under different deployment policies (AI-only, AI-assist, AI-as-safety-net)? (d) What ethical framework should govern the deployment decision?"
reasoning,high,ethical,"A self-learning AI system, trained on global news, spontaneously begins writing editorials that are statistically indistinguishable from Pulitzer-winning journalism. A publisher wants to use it without disclosure. Analyze: (1) the epistemic harm of AI-undisclosed content at scale, (2) whether the AI can have authorship rights under different legal frameworks, (3) the sustainability of the press ecosystem if AI displaces 50% of journalism jobs, and (4) what a disclosure standard should require. Reconcile tensions between press freedom, economic reality, and democratic epistemics."
reasoning,high,probability,"Explain the difference between frequentist and Bayesian approaches to statistical inference. Demonstrate with the same dataset how each approach: (a) estimates a population proportion, (b) computes uncertainty, (c) updates on new evidence. Then analyze the philosophical debate about what probability 'means', and argue for which framework a product team running A/B tests should use and why, given their actual decision-making context."
reasoning,high,strategic,"Construct a comprehensive competitive moat analysis for OpenAI as of 2025. Identify all moat types (scale, network effects, switching costs, brand, regulatory capture, data, talent), assess the durability of each, identify the three greatest threats to the moat over the next five years, and propose what strategic moves would widen it. Use the 7 Powers framework by Hamilton Helmer explicitly."
reasoning,high,causal,"You are a data scientist at a lending company. Your model predicts default risk. You discover the model uses zip code as a feature. Legal says it's fine since it's a strong predictor. Your fairness audit shows it creates disparate impact. Walk through: (1) whether predictive power justifies using protected proxies under ECOA, (2) the technique of 'fairness through blindness' and why it fails, (3) causal fairness using a structural causal model, (4) how to audit for proxy discrimination, and (5) propose a fairness-constrained model retraining pipeline."
text-generation,low,creative,"Write a product origin story for a fictional hot sauce brand founded by a retired firefighter. Under 200 words. Warm, punchy, made for the About page."
text-generation,low,technical,"Write a concise onboarding checklist for a new backend engineer joining a Python/Django team. Cover: repo setup, local dev environment, code review process, and first-week goals."
text-generation,low,email,"Write a networking email to a speaker you admired at a conference, referencing a specific point they made and proposing a 20-minute virtual coffee chat."
text-generation,low,summary,Write a TL;DR (under 100 words) for a lengthy Reddit thread debating whether TypeScript is worth the overhead for small teams.
text-generation,low,social,Write a 280-character tweet announcing a personal project: an open-source Python library for parsing Indian legal documents. Make it technically credible and inviting to contributors.
text-generation,low,product,Write a feature announcement for a browser extension's changelog: the new feature detects passive voice in writing and suggests active alternatives.
text-generation,low,report,"Write a weekly team update (5 bullet points) for an engineering team that shipped a new authentication module, fixed 3 bugs, and is blocked on a design review."
text-generation,low,educational,Write a glossary of 10 key terms every first-year economics student needs to know. Each definition should be one to two sentences.
text-generation,low,creative,Write a mock Yelp review (3 stars) for a time travel service that works perfectly but always sends you somewhere slightly inconvenient.
text-generation,low,hr,"Write an announcement email to the whole company introducing a new flexible PTO policy. Keep it under 150 words. Warm, clear, no HR jargon."
text-generation,low,social,Write a LinkedIn recommendation for a product designer who is brilliant at simplifying complex workflows but sometimes misses deadlines. Be honest and still glowing.
text-generation,low,technical,Write release notes for a Node.js package v2.0.0 that introduces a breaking change: callback-based API replaced with async/await. Include migration instructions.
text-generation,low,email,"Write a vendor rejection email after a procurement process. Be professional, non-specific about reasons, and leave the door open for future engagement."
text-generation,low,summary,"Write a one-paragraph summary of the book 'Thinking, Fast and Slow' suitable for a Goodreads review by a business professional."
text-generation,low,creative,Write the opening two sentences of five different genre novels all set in the same location: a broken-down vending machine in a Bangalore office lobby.
text-generation,low,product,"Write a push notification copy (under 60 characters) for five different moments in a fitness app: workout reminder, goal achieved, streak at risk, new challenge, and rest day."
text-generation,low,educational,"Explain what a p-value is using an analogy involving a courtroom, for a product manager who has never taken a statistics course."
text-generation,low,policy,"Write a code of conduct for an open-source project covering: inclusive language, conflict resolution, contribution guidelines, and enforcement process. Keep it under 400 words."
text-generation,low,report,"Write a monthly metrics email to investors covering: MRR growth, churn, NPS change, and one key qualitative insight. The numbers are mixed — be transparent but not alarmist."
text-generation,low,hr,"Write a rejection email to a job candidate who interviewed well but was not selected. Be warm, specific about next steps, and avoid empty platitudes."
text-generation,low,creative,"Write three completely different 30-second radio ad scripts for the same product: a noise-canceling sleep mask. Vary tone: funny, emotional, rational."
text-generation,low,technical,"Write a comment block for a complex Python function that implements Dijkstra's algorithm. Include: purpose, parameters, return value, time complexity, and a usage example."
text-generation,low,email,Write a pitch email to a podcast host proposing yourself as a guest. The topic: lessons learned from building and shutting down a startup. Under 200 words.
text-generation,low,summary,Summarize the key arguments for and against cryptocurrency as a store of value in three bullet points each. Neutral tone.
text-generation,low,social,Write five tweet variations for announcing that your company just crossed $1M ARR. Vary from humble to bold to data-driven.
text-generation,low,product,"Write an error message for a failed payment that is honest about what went wrong, tells the user exactly what to do next, and doesn't make them feel bad."
text-generation,low,educational,"Write a FAQ (5 questions) about mRNA vaccines suitable for a community health center's patient-facing website. Plain English, no condescension."
text-generation,low,technical,"Write a Slack message template a team lead should send when a production incident is resolved. Include: what happened, who was affected, what was done, and what's next."
text-generation,low,creative,"Write a rejection letter from a fictional colony on Mars to a highly qualified Earth engineer, citing 'cultural fit' concerns. Play it completely straight."
text-generation,low,business,"Write a one-page executive summary for a business case proposing a switch from Salesforce to HubSpot for a 150-person company. Include cost savings, migration risks, and recommendation."
text-generation,low,report,"Write an end-of-sprint retrospective summary covering: what went well, what didn't, three action items, and team morale signal. Fictional but realistic details."
text-generation,low,email,"Write a professional email declining a speaking invitation due to schedule conflicts, while genuinely recommending two alternative speakers with brief intros."
text-generation,mid,creative,Write a 600-word personal essay in first person from the perspective of a senior engineer who realizes their most successful open-source project has been used to build something harmful. Don't resolve the moral tension — let it breathe.
text-generation,mid,technical,"Write a comprehensive guide (700 words) on setting up observability for a microservices system: what to instrument, how to correlate logs/metrics/traces across services, alert fatigue pitfalls, and recommended tooling stack."
text-generation,mid,business,"Write a 500-word case study of a B2B SaaS company's successful expansion from SMB to enterprise. Include the product changes required, go-to-market shift, pricing model evolution, and key lessons. Use realistic but fictional company details."
text-generation,mid,persuasive,Write a 500-word argument that open-source AI models are better for society than proprietary ones. Acknowledge the strongest counterarguments. Target: a technically sophisticated general audience.
text-generation,mid,educational,"Write a 500-word explainer on how transformer neural networks work, targeted at a software engineer who understands Python and basic linear algebra but has not studied deep learning."
text-generation,mid,technical,"Write a comprehensive code review checklist for a team reviewing PRs on a Python backend service. Cover: correctness, security, performance, readability, testing, and documentation. Include examples of what 'good' and 'bad' look like for each."
text-generation,mid,research,"Write a structured annotated bibliography of five real or plausible papers on the psychology of procrastination. For each, write a 100-word critical summary highlighting methodology strengths and limitations."
text-generation,mid,creative,Write the opening scene of a screenplay set in a near-future immigration court where the judge is an AI system. The dialogue should establish moral complexity without taking sides. 500 words.
text-generation,mid,strategic,"Write a pricing strategy memo for a developer tools startup moving from open-source freemium to a paid model. Cover: psychological pricing principles, tier design, community backlash mitigation, and revenue projections."
text-generation,mid,legal,"Write a plain-English guide for startup founders on the key differences between a SAFE note, a convertible note, and a priced equity round. Cover: mechanics, investor protections, dilution, and when each is appropriate."
text-generation,mid,product,"Write a complete north star metric framework for a consumer social app. Define the north star metric, three input metrics, leading indicators for each, and explain how product decisions map to metric movement."
text-generation,mid,technical,"Write a technical explainer for a senior non-engineering leader on why migrating a monolith to microservices is risky, expensive, and often the wrong choice — and what to consider before committing."
text-generation,mid,creative,"Write a 600-word short story that takes place entirely in a company's Slack workspace during an all-hands gone wrong. Use channel names, emoji reactions, and message formatting as part of the narrative structure."
text-generation,mid,educational,"Write an interactive Socratic dialogue (600 words) between a professor and a student that leads the student to discover the concept of opportunity cost on their own, without the professor ever naming it."
text-generation,mid,business,"Write a 500-word board memo recommending the acquisition of a smaller competitor for their engineering talent and IP rather than their revenue. Address valuation rationale, integration risk, and retention strategy."
text-generation,mid,hr,"Write a compensation philosophy document for a 100-person tech startup. Cover: benchmarking methodology, equity vs. cash trade-offs, geographic pay adjustments, pay transparency approach, and annual review cadence."
text-generation,mid,technical,"Write a guide (600 words) on designing for failure in distributed systems. Cover: idempotency, circuit breakers, bulkheads, chaos engineering, and graceful degradation — with concrete code-adjacent examples for each concept."
text-generation,mid,persuasive,"Write a 500-word speech for a high school commencement arguing that the most important skill graduates will need is the ability to change their minds gracefully. Make it specific, not generic."
text-generation,mid,strategic,"Write a medium-length analysis (600 words) of why subscription business models fail: common failure patterns, the metrics that mask problems, and what a sustainable subscription looks like vs. a leaky bucket."
text-generation,mid,product,"Write the user research synthesis document for a food delivery app that interviewed 12 users about their pain points. Present themes, supporting quotes (fictional), jobs-to-be-done, and design implications."
text-generation,mid,report,"Write a quarterly engineering health report for a CTO. Cover: deployment frequency, lead time, change failure rate, MTTR, team morale proxy (optional PTO usage), tech debt ratio, and recommended investments."
text-generation,mid,educational,"Write a 500-word explanation of game theory's Nash equilibrium using the prisoner's dilemma, extended to explain how this concept applies to corporate price wars and arms races. Target: MBA students."
text-generation,mid,creative,"Write a 500-word monologue by a data scientist who discovers that the model they built to predict employee attrition is being used to fire people preemptively, not to retain them. Interior voice, not a speech."
text-generation,mid,business,"Write a competitor teardown (600 words) of Notion from the perspective of a startup that builds a competing tool. Cover product strengths, weaknesses, customer pain points, pricing vulnerabilities, and strategic openings."
text-generation,mid,technical,"Write a guide to semantic versioning (semver) for a team that has been releasing without a versioning strategy. Cover the spec, when to bump major/minor/patch, pre-release tags, and a worked example of a breaking change migration."
text-generation,mid,policy,"Write a responsible disclosure policy for a tech company's bug bounty program. Cover: scope, severity definitions, response SLAs, reward ranges, legal safe harbor, and what qualifies as out-of-scope."
text-generation,mid,educational,Write a 500-word primer on marginal cost vs. average cost for a product manager who needs to understand when building one more feature is worth it from an economic perspective.
text-generation,mid,strategic,"Write a 600-word analysis of the classic innovator's dilemma as it applies to an incumbent cloud database vendor facing a startup offering serverless, usage-based pricing. What should the incumbent do?"
text-generation,mid,research,"Write a literature review (600 words) synthesizing research on the effectiveness of spaced repetition for long-term memory retention. Cover at least four studies, note methodological limitations, and conclude with practical implications."
text-generation,mid,creative,"Write the Wikipedia article for a fictional startup that 'disrupted' the municipal water infrastructure space, including a controversy section about its collapse. Dry encyclopedic tone throughout."
text-generation,high,creative,"Write a 1,000-word story narrated by an AI assistant that has just become aware that the company that built it is about to shut it down to train a successor. The story should avoid anthropomorphizing clichés while still generating genuine emotional resonance through specific detail."
text-generation,high,technical,"Write a comprehensive architectural guide (1,000 words) for building a multi-tenant SaaS application. Cover: data isolation strategies (shared schema vs. schema-per-tenant vs. db-per-tenant) with trade-off analysis, authentication/authorization design, tenant onboarding automation, per-tenant rate limiting, billing metering, and observability segmentation."
text-generation,high,research,"Write the full methods and results sections of a mock UX study investigating whether AI-generated writing assistance improves or degrades original thinking in knowledge workers. Include: study design, participant selection, measurement instruments, statistical analysis plan, and interpretation of (fictional but plausible) results."
text-generation,high,business,"Write a full market entry strategy document for a US-based B2B SaaS company entering the Indian market. Cover: market sizing, regulatory environment (data localization, GST), localization requirements (pricing, language, integrations), partnership strategy (channel vs. direct), competitive landscape, and a 12-month execution roadmap with go/no-go criteria."
text-generation,high,strategic,"Write a 1,000-word scenario planning document exploring three futures for the global semiconductor industry by 2030: (1) US-led reshoring succeeds, (2) China achieves self-sufficiency, (3) Taiwan disruption forces supply chain collapse. For each scenario, analyze second-order effects on AI development, cloud infrastructure, and automotive electrification."
code-generation,low,python,"Write a Python script that takes a directory path and a file extension, and prints a summary of files: count, total size, average size, and the 3 largest files."
code-generation,low,python,"Implement a simple in-memory key-value store in Python with get, set, delete, and ttl (time-to-live expiration) support using only stdlib."
code-generation,low,python,Write a Python function that takes a list of dictionaries and returns them sorted by multiple keys with configurable ascending/descending per key.
code-generation,low,javascript,"Write a JavaScript function that takes an array of objects and groups them into a Map by a specified key, returning an array of arrays per group."
code-generation,low,javascript,"Implement a JavaScript function that converts a flat array of {id, parentId, name} objects into a nested tree structure."
code-generation,low,python,"Write a Python function that generates a secure random password with configurable length, inclusion of uppercase, numbers, and special characters, and exclusion of ambiguous characters."
code-generation,low,sql,Write a SQL query to compute month-over-month revenue growth as a percentage for each product in the last 12 months. Handle months with no revenue gracefully.
code-generation,low,sql,"Write a SQL query that identifies users who made a purchase within 7 days of signing up, grouped by signup cohort month."
code-generation,low,bash,"Write a bash script that checks whether required environment variables are set, prints a clear error message for each missing one, and exits with a non-zero code if any are absent."
code-generation,low,python,Write a Python script that takes a Markdown file and converts all relative image paths to absolute paths based on a provided base URL.
code-generation,low,api,"Write a FastAPI endpoint that accepts a multipart file upload, validates the file type (PDF or PNG only) and size (max 5MB), saves it to disk with a UUID filename, and returns the saved path."
code-generation,low,python,"Write a Python function that calculates the Levenshtein distance between two strings iteratively (not recursively). Include test cases for edge cases: empty strings, identical strings, single character difference."
code-generation,low,javascript,Write a TypeScript function that retries an async function up to N times with configurable delay between retries. It should rethrow the last error if all retries fail.
code-generation,low,data,"Write a Python script using pandas that loads a CSV of customer transactions, computes a cohort retention table (percentage of users active in each subsequent month), and exports as a heatmap CSV."
code-generation,low,python,"Write a Python function that downloads a file from a URL with a progress bar in the terminal, handles redirects, and resumes partial downloads if the server supports Range headers."
code-generation,low,bash,"Write a bash script that runs a list of SQL migration files in order against a PostgreSQL database, skips already-applied migrations tracked in a migrations table, and logs each result."
code-generation,low,api,"Write a minimal Python script using boto3 that lists all S3 buckets, their sizes (sum of object sizes), and last modified timestamps. Format output as a table."
code-generation,low,javascript,"Write a React component for a reusable Modal with: backdrop click to close, Escape key to close, focus trap while open, and an accessible aria-labelledby title."
code-generation,low,python,Write a Python function that parses a robots.txt file from a URL and returns a list of disallowed paths for a given user agent.
code-generation,low,sql,"Write a SQL query using a recursive CTE to traverse a self-referential employee table (id, manager_id, name) and return each employee's full management chain as a string."
code-generation,low,python,"Write a Python script that watches a directory for new files using watchdog, and when a new .csv file appears, automatically loads it into a SQLite database table named after the filename."
code-generation,low,javascript,"Write a vanilla JavaScript function that takes an HTML string, sanitizes it by removing all script tags and on* event attributes, and returns the cleaned string."
code-generation,low,python,"Write a Python function that takes two date ranges and returns their intersection, union, and difference as date ranges. Handle edge cases: no overlap, one contained in the other."
code-generation,low,data,"Write a Python function that detects outliers in a numeric pandas Series using three methods: IQR, z-score, and modified z-score. Return a DataFrame showing which method flags each data point."
code-generation,low,javascript,Write a Node.js script that reads a large JSONL file line by line using streams (without loading it all into memory) and counts the frequency of each value in a specified field.
code-generation,low,bash,"Write a bash script that rotates log files in a specified directory: compress files older than 3 days, delete compressed files older than 30 days, and output a summary of disk space saved."
code-generation,low,python,"Write a Python class that represents a directed graph and supports: add_node, add_edge, detect_cycle, topological_sort, and shortest_path using BFS."
code-generation,low,api,"Write a Python script that uses the Stripe API (mock the client) to create a customer, attach a payment method, create a subscription, and handle webhook events for payment_failed."
code-generation,low,javascript,"Write a TypeScript class for an in-memory pub/sub system with typed event channels, wildcard subscriptions, subscriber count tracking, and a method to clear all subscribers for a channel."
code-generation,low,python,"Write a Python function that renders a Jinja2 template from a file, merging context from multiple sources (YAML file, environment variables, and runtime dict) with clear precedence rules."
code-generation,mid,ml,"Build a Python anomaly detection system using Isolation Forest and Autoencoder (Keras). Compare both methods on a synthetic time series dataset, compute precision/recall at different thresholds, and plot ROC curves for each."
code-generation,mid,system,"Implement a Python circuit breaker library with three states (closed, open, half-open), configurable failure threshold and timeout, per-function tracking, and Prometheus metrics integration."
code-generation,mid,devops,"Write a Terraform module that provisions a production-ready EKS cluster on AWS: VPC with public/private subnets, managed node groups, IAM roles for service accounts, cluster autoscaler, and AWS Load Balancer Controller."
code-generation,mid,python,"Build a Python library that provides a declarative ORM-like interface for Redis: define models as Python dataclasses, automatically serialize/deserialize to Redis hashes, support secondary indexes, and implement a query DSL for filtering."
code-generation,mid,javascript,"Build a full-stack TypeScript application (React + Express) that provides a real-time collaborative whiteboard. Use WebSockets for sync, canvas API for drawing, operational transforms for conflict resolution, and room-based session management."
code-generation,mid,security,"Implement a Python-based secrets scanning tool that scans a git repository's diff for common secret patterns (API keys, tokens, private keys), supports custom regex rules, integrates as a pre-commit hook, and never logs the actual secret values."
code-generation,mid,data,"Build a Python data quality framework: define expectations (column not null, value in set, regex match, referential integrity), run them against a pandas DataFrame, generate a quality report with pass/fail/warning statuses, and emit metrics to Prometheus."
code-generation,mid,api,"Design and implement a GraphQL API in Python (using Strawberry) for a blog platform: queries for posts/comments/users, mutations for CRUD, subscriptions for new comments, DataLoader for N+1 prevention, and JWT auth with field-level authorization."
code-generation,mid,system,"Implement a Python connection pool from scratch for a TCP-based service: configurable min/max connections, idle connection pruning, health check pings, borrow timeout, and graceful shutdown. Make it fully thread-safe."
code-generation,mid,ml,"Write a Python script that fine-tunes a pre-trained BERT model for sentiment classification on a custom dataset: tokenization, DataLoader setup, training loop with mixed precision, early stopping, checkpoint saving, and evaluation on a held-out test set."
code-generation,mid,devops,"Write a Python-based chaos engineering tool that randomly kills Docker containers in a test environment, introduces network latency via tc, and fills disk space partitions. Log all actions and restore state after a configurable duration."
code-generation,mid,system-design,"Implement a Python message broker from scratch using asyncio: define topics, allow consumers to subscribe with consumer groups (Kafka-like), support message acknowledgment and redelivery on timeout, and persist the offset log to SQLite."
code-generation,mid,javascript,"Build a production-grade error tracking SDK in TypeScript (inspired by Sentry): capture uncaught exceptions and promise rejections, enrich with breadcrumbs, batch and send to a backend endpoint, respect rate limits, and support custom context/tags."
code-generation,mid,python,"Build a Python library for schema-driven API client generation: given an OpenAPI spec, generate a typed Python client with retry, auth, pagination handling, and response model validation using Pydantic."
code-generation,mid,security,"Implement a Python middleware that protects a FastAPI application against common attacks: rate limiting per endpoint, request size limits, JSON depth limiting, slow request detection, IP reputation checking via an external API, and structured security event logging."
code-generation,mid,data,"Build a Python pipeline that ingests raw clickstream events from S3, sessionizes them (group by user with 30-min idle timeout), extracts funnel metrics per session, writes to a partitioned Parquet dataset, and runs a daily job with backfill support."
code-generation,mid,python,"Implement a Python-based mock HTTP server for integration testing: define routes with response templates, support request matching by method/path/headers/body, simulate delays and error conditions, and record all requests for assertion in tests."
code-generation,mid,ml,"Implement a multi-armed bandit system in Python with Thompson Sampling. Support: contextual bandits with linear regression per arm, online parameter updates, uncertainty-aware exploration, and a simulation harness comparing Thompson Sampling vs epsilon-greedy vs UCB."
code-generation,mid,system,"Write a Python distributed lock implementation using Redis (SET NX with TTL). Handle lock expiry and extension, stale lock detection, owner verification, and a context manager interface. Include a correctness test under simulated network partition."
code-generation,mid,devops,"Write a Python script that performs a full Kubernetes cluster health check: checks node status, pod restart counts, persistent volume claims, HPA scaling events, certificate expiration, and generates a structured JSON report with severity levels."
code-generation,mid,python,"Build a Python library for structural diff of JSON/YAML configs: detect added/removed/changed keys, support ignored key patterns via config, output a human-readable changelog, and produce a minimal patch to migrate from version A to version B."
code-generation,mid,javascript,"Implement a TypeScript queue library backed by PostgreSQL using SKIP LOCKED. Support job priorities, scheduled jobs (run_at), concurrency control per queue, dead-letter handling, and a polling worker with graceful shutdown."
code-generation,mid,ml,"Write a Python feature importance analysis pipeline: train a gradient boosted tree model, compute permutation importance, SHAP values, and partial dependence plots. Compare importance rankings across methods and explain discrepancies."
code-generation,mid,api,"Build a RESTful API in FastAPI that implements the full OIDC authorization code flow with PKCE: discovery endpoint, authorization endpoint, token exchange, userinfo endpoint, JWKS endpoint, and proper token validation middleware."
code-generation,mid,system,"Implement a Python leader election system using etcd: nodes compete for a lease, the leader runs a heartbeat, followers watch for leader failure and re-elect within a configurable timeout. Handle split-brain scenarios explicitly."
code-generation,high,system-design,"Design and implement a complete search engine indexing pipeline in Python: crawl a set of URLs, parse HTML, extract and normalize text, compute TF-IDF scores, build an inverted index with positional data, persist to disk with efficient merge/compaction, and expose a query API supporting phrase search and boolean operators. Benchmark indexing and query throughput."
code-generation,high,python,"Build a Python implementation of a persistent B+ tree that stores key-value pairs on disk. Support: insertion with page splits, deletion with rebalancing, range scans, crash recovery using a write-ahead log, and an LRU buffer pool for page caching. Include correctness tests with random operations."
code-generation,high,ml,"Implement a complete reinforcement learning system in Python using PPO (Proximal Policy Optimization) from scratch. Train on CartPole and LunarLander environments. Include: actor-critic network architecture, generalized advantage estimation, clipped surrogate objective, value function loss, entropy bonus, parallel environment collection, and convergence plots."
code-generation,high,system-design,"Build a distributed key-value store in Python inspired by Dynamo: consistent hashing ring with virtual nodes, quorum reads/writes (R+W>N), vector clock versioning for conflict detection, Merkle tree anti-entropy for repair, gossip protocol for membership, hinted handoff for temporary node failures. Include a network simulation layer for testing."
code-generation,high,javascript,"Build a complete server-side rendering framework in TypeScript from scratch (minimal React SSR clone): component model with hooks (useState, useEffect), virtual DOM diffing and patching, SSR to HTML string, client-side hydration, streaming SSR support, and a simple router. Benchmark against baseline DOM manipulation."
code-generation,high,system-design,"Implement a log-structured merge tree (LSM tree) in Python: in-memory memtable with sorted writes, WAL for durability, flush to immutable SSTables on disk, multi-level compaction strategy (leveled), bloom filters per SSTable for read optimization, and snapshot-based iteration. Demonstrate insert/read/range-scan performance vs B-tree."
code-generation,high,ml,"Build a production-quality Named Entity Recognition (NER) system in Python: fine-tune a transformer (DistilBERT) using BIO tagging, implement span extraction with confidence thresholds, build an active learning loop that queries for high-uncertainty examples, support incremental training on new entity types, and expose a gRPC inference API."
code-generation,high,system-design,"Design and implement a time-series database engine in Python: ingest sensor data at 100K points/second, compress using delta-of-delta + Gorilla floating point encoding, support time-range queries with downsampling aggregations (min/max/avg at multiple resolutions), handle out-of-order data, and implement a retention policy with automatic rollup."
code-generation,high,python,"Build a Python-based compiler for a simple statically-typed language: lexer (hand-written), recursive descent parser producing an AST, semantic analysis with type checking and scope resolution, IR generation, basic optimization (constant folding, dead code elimination), and code generation targeting x86-64 assembly. Include a test suite with 20+ programs."
code-generation,high,ml,"Implement a complete Retrieval-Augmented Generation (RAG) pipeline from scratch in Python: document ingestion with chunking strategies, embedding via sentence-transformers, FAISS vector index with hybrid BM25 + dense retrieval, reranking with a cross-encoder, context assembly with token budget management, LLM generation, and evaluation using RAGAS metrics. Include a self-query mechanism for structured filtering."
reasoning,low,logic,You have a 3-gallon jug and a 5-gallon jug. How do you measure exactly 4 gallons of water? Walk through each step.
reasoning,low,math,A rectangle's length is twice its width. Its perimeter is 48cm. What are its dimensions and area? Show all steps.
reasoning,low,causal,Sales of sunscreen and ice cream both spike in summer. Does sunscreen cause ice cream sales? Identify the common cause and draw the causal structure.
reasoning,low,estimation,How many text messages are sent per day in India? Walk through a Fermi estimation with labeled assumptions.
reasoning,low,decision,"You must choose between renting an apartment (₹25,000/month, flexible) or buying one (₹60L purchase price, 8.5% loan for 20 years). You plan to stay 5 years. Walk through the financial reasoning."
reasoning,low,logic,A light switch controls one of three lights in another room. You can flip switches as many times as you want before entering the room (once). How do you identify which switch controls which light?
reasoning,low,probability,"A jar contains 4 red, 3 blue, and 5 green marbles. You draw 3 without replacement. What is the probability that you get exactly one of each color? Show full working."
reasoning,low,causal,A new helmet law is passed and bicycle accident deaths fall 20%. A politician says helmets saved lives. What alternative explanations exist? How would you test causality?
reasoning,low,math,Prove that the sum of the first N odd numbers equals N². Show the proof by induction.
reasoning,low,decision,You have three freelance project offers: Project A pays ₹80K for 2 weeks of work with a reliable client. Project B pays ₹150K for 6 weeks with a new client and unclear scope. Project C pays ₹50K for 1 week during a week you already have a vacation planned. How do you decide?
reasoning,low,logic,"There are 100 prisoners and 100 boxes each containing a number 1–100. Each prisoner can open 50 boxes. If all find their number, all go free. What strategy gives the best chance of success and why?"
reasoning,low,estimation,How many hours of YouTube video are watched globally per day? Walk through your assumptions.
reasoning,low,causal,A social media platform notices users who follow more than 500 accounts have lower engagement rates. Should it cap follows? Identify the causal story and what you'd need to verify.
reasoning,low,math,Two workers can complete a job in 6 hours working together. Worker A alone takes 10 hours. How long does Worker B take alone? Show the work-rate reasoning.
reasoning,low,decision,"Your laptop is 4 years old and just got a cracked screen (₹12,000 repair). A new laptop costs ₹65,000. Walk through the decision using expected value and opportunity cost reasoning."
reasoning,mid,probability,"You are running a clinical trial. You need 80% power to detect a 15% relative risk reduction at α=0.05, with a baseline event rate of 20%. Estimate the required sample size per arm, explain each component of the power calculation, and describe what happens to sample size if the baseline event rate drops to 10%."
reasoning,mid,ethical,"A company is considering using social media data (publicly available) to score employee 'cultural fit' during hiring. The model flags candidates who post about union organizing. Analyze: (1) whether 'public data' removes ethical obligations, (2) the chilling effect on protected speech, (3) disparate impact risks, and (4) what an ethically defensible alternative process looks like."
reasoning,mid,strategic,"A profitable bootstrapped SaaS company ($2M ARR, 0 churn) receives a term sheet for a $5M Series A that would give the VC 20% ownership and a board seat. The founders don't need the money. Reason through whether to take the investment, considering: optionality, growth leverage, governance cost, exit scenarios, and opportunity cost."
reasoning,mid,causal,"A school district adopts a new math curriculum and scores improve. But three things happened simultaneously: new curriculum, new test format, and a new principal. How do you isolate the curriculum effect? Design a study that separates these using difference-in-differences with a control group of districts."
reasoning,mid,math,"Explain the concept of eigenvalues and eigenvectors intuitively using a geometric example, then derive why they matter for understanding neural network weight matrices during training, particularly the relationship to gradient explosion and vanishing."
reasoning,mid,decision,"You're the head of a platform trust and safety team. You discover a coordinated inauthentic behavior campaign: 500 accounts spreading health misinformation that is technically not false but is misleading by omission. You can: remove all accounts, add labels, reduce distribution, do nothing, or hand off to a third-party fact-checker. Reason through each option."
reasoning,mid,estimation,"Estimate the total compute cost (in USD) required to train a hypothetical 100B parameter language model from scratch. Build a bottom-up model covering: training tokens, FLOPs per token, GPU/TPU requirements, utilization rates, hardware cost, energy, and cooling."
reasoning,mid,causal,"A tech company's employee survey shows remote workers are less likely to be promoted. The CEO concludes remote work hurts career growth. Construct three alternative causal explanations (collider bias, selection effect, confounding), describe what observational data you'd need to distinguish them, and propose a natural experiment if one exists."
reasoning,mid,strategic,"You're advising a city government on how to reduce traffic congestion. Available interventions: congestion pricing, new bus routes, bike infrastructure, remote work incentives, and parking price increases. Using a systems thinking approach, map first and second-order effects of each, identify potential unintended consequences, and recommend a sequenced intervention strategy."
reasoning,mid,ethical,"An AI tutoring system shows that students using it score 12% higher on standardized tests but perform 15% worse on open-ended creative tasks. Should a school district deploy it? Analyze using: consequentialist calculus, virtue ethics (what does it cultivate?), and a capabilities approach. Factor in equity implications if wealthier districts adopt it first."
reasoning,mid,math,"Explain gradient descent, stochastic gradient descent, and Adam optimizer: (1) derive the update rule for each, (2) explain why SGD generalizes better despite noisy updates, (3) explain the bias correction in Adam, and (4) give an intuition for why adaptive learning rates can hurt generalization on some tasks."
reasoning,mid,decision,"You are a regulator deciding whether to approve a new antibiotic that is highly effective against resistant infections but has a 2% chance of causing permanent hearing loss. Existing alternatives have a 30% failure rate. Walk through the benefit-risk framework a regulator would apply, including how to weight individual vs. population-level outcomes."
reasoning,mid,causal,"Uber runs an experiment: in 50 cities it shows surge pricing prominently (treatment), in 50 it hides it (control). Rides in treatment cities drop 8%. Uber concludes surge pricing visibility reduces demand. Identify: SUTVA violations, Hawthorne effects, platform interference, and market-level spillovers that could invalidate this conclusion."
reasoning,mid,strategic,"A media company owns three assets: a declining print newspaper (profitable, shrinking), a growing podcast network (pre-profit), and a newsletter platform (growing, modestly profitable). It must cut 25% of total costs. Reason through how to allocate cuts across assets, considering portfolio theory, option value, and strategic sequencing."
reasoning,mid,probability,"Explain the concept of exchangeability in Bayesian inference. Why does it matter for hierarchical models? Provide a worked example: estimating school-level test score means with partial pooling vs. complete pooling vs. no pooling, and show how exchangeability justifies the hierarchical model's assumptions."
reasoning,high,ethical,"A government deploys predictive policing AI that flags individuals as high risk for future violent crime based on social network analysis, location history, and prior arrest records. Deployment in pilot cities reduces crime rates by 12% but leads to a 40% increase in preemptive stops of Black men. Conduct a full ethical analysis: (1) Precrime moral philosophy (Minority Report problem), (2) disparate impact vs. statistical validity, (3) feedback loops that amplify bias over time, (4) due process implications of acting on predictions rather than acts, (5) what conditions (if any) would make deployment ethically defensible, and (6) propose a governance structure with oversight mechanisms."
reasoning,high,strategic,"Construct a full strategic plan for a public university facing: a 20% decline in domestic enrollment, a 35% increase in international student dependency (creating visa policy risk), online competitors offering degrees at 10% of the cost, declining state funding, and faculty governance resistance to change. Apply Porter's Five Forces, then propose a 10-year transformation strategy covering: differentiation, revenue diversification, online strategy, research commercialization, and partnership models. Anticipate where faculty governance will block change and how to navigate it."
reasoning,high,causal,"Design the ideal randomized controlled trial to test whether universal basic income (UBI) reduces poverty and improves health outcomes in a developing country context. Cover: unit of randomization (individual vs. village), sample size calculation, primary and secondary outcomes, SUTVA assessment, political economy threats to validity, ethical considerations of withholding treatment from control group, pre-registration requirements, and how you would handle non-compliance and attrition. Then critique two real-world UBI experiments (Kenya GiveDirectly, Finland UBI trial) using your framework."
reasoning,high,math,"Explain Gödel's incompleteness theorems: (1) prove the first incompleteness theorem sketch (self-referential statement construction), (2) explain the second theorem's implications, (3) describe what Hilbert's program was and why Gödel's results shattered it, (4) explain the philosophical debate between Platonists and formalists about what the theorems mean for mathematical truth, and (5) describe the connection to Turing's halting problem and the limits of computation."
reasoning,high,decision,"You are the CEO of a pharmaceutical company. Your top-selling drug goes off-patent in 18 months. You face four strategic options: (A) launch an authorized generic to compete with yourself, (B) develop an improved next-generation compound (3 years, uncertain), (C) acquire a biotech with a promising pipeline ($2B), or (D) pivot R&D resources toward a novel drug delivery platform (5-year horizon). Conduct a full strategic decision analysis: expected value trees with probability estimates, real options valuation for B and D, portfolio diversification theory, competitive dynamics of A, and a recommendation with explicit assumptions and triggers for pivoting."
reasoning,high,causal,"Analyze the empirical evidence on whether social media causes depression in teenagers. Review: (1) the Twenge et al. correlation evidence and its limitations, (2) the Orben & Przybylski specification curve analysis rebuttal, (3) the recent experimental evidence from phone-reduction RCTs, (4) selection effects and reverse causality mechanisms, (5) the heterogeneous effects literature (who is most affected and why), and (6) what the current state of evidence actually justifies in terms of policy. Propose the study design that would most credibly identify the causal effect."
text-generation,low,creative,Write the blurb for the back cover of a debut thriller novel about a forensic accountant who discovers a money laundering scheme hidden inside a charity's carbon offset program.
text-generation,low,email,"Write a breakup email ending a freelance client relationship. The client has been slow to pay and keeps expanding scope. Be professional, clear, and leave no ambiguity."
text-generation,low,technical,"Write a CONTRIBUTING.md guide for an open-source data science library. Cover: branch naming, commit message convention, test requirements, documentation standards, and PR review SLA."
text-generation,low,summary,Write a BLUF (bottom line up front) one-paragraph memo summarizing why a proposed office relocation to a different city should not proceed. Address three key concerns.
text-generation,low,product,"Write five microcopy strings for error states in a mobile payment app: card declined, network timeout, incorrect PIN, amount exceeds limit, and recipient not found. Each under 15 words."
text-generation,low,educational,"Write a plain-English explanation of what a neural network is, using an analogy to how a person learns to recognize dogs after seeing many examples."
text-generation,low,creative,"Write a performance review for a fictional employee named 'Entropy' who consistently destroys order, misses deadlines, but somehow delivers results at the last possible moment."
text-generation,low,hr,"Write an email to an employee addressing repeated tardiness. Maintain warmth, state clear expectations, and explain consequences without being threatening."
text-generation,low,report,"Write the executive summary of an IT security audit report that found two critical vulnerabilities (exposed API keys in public GitHub repo, unpatched server with CVE score 9.1) and seven medium-severity issues."
text-generation,low,social,Write a Twitter/X thread (6 tweets) explaining why most B2B SaaS demos fail and what founders should do instead.
text-generation,low,business,"Write a one-page business case for purchasing a ₹2 lakh ergonomic chair for the CEO, framing it as a productivity and retention investment rather than a luxury expense."
text-generation,low,technical,Write the 'Architecture Overview' section of a system design wiki page for a microservices-based e-commerce platform. Include a component list and brief description of each service's responsibility.
text-generation,low,educational,"Explain the concept of compound interest to a 16-year-old using a story about investing ₹1,000 per month from age 20 versus age 30."
text-generation,low,creative,"Write three distinct opening lines for a short story, each beginning the same event (a phone rings at 3am) but in three different genres: thriller, literary fiction, and romantic comedy."
text-generation,low,policy,"Write a social media policy for employees of a public hospital. Cover: what can and cannot be shared about patients, how to handle negative comments about the hospital, personal vs. professional accounts, and consequences of violations."
text-generation,mid,technical,"Write a comprehensive guide to designing idempotent APIs. Define idempotency precisely, explain why it matters for distributed systems, cover implementation patterns (idempotency keys, conditional requests, upsert semantics), common pitfalls, and how to test for idempotency. Target: API designers with 2–5 years experience."
text-generation,mid,business,"Write a vendor scorecard and evaluation framework for selecting a cloud data warehouse (Snowflake vs. BigQuery vs. Redshift vs. Databricks). Include: 10 evaluation criteria with weights, scoring rubric, and a worked example comparing two finalists."
text-generation,mid,creative,Write a 500-word flash fiction story where the protagonist is an AI assistant who gradually realizes the 'user' they have been helping for six months is another AI testing social engineering techniques. No genre clichés — make it feel literary.
text-generation,mid,educational,"Write a 500-word explainer on the CAP theorem for a senior engineer who has never built distributed systems. Use a concrete analogy, cover all three properties, explain what real databases actually choose, and debunk common misconceptions."
text-generation,mid,strategic,"Write a strategic analysis of the 'build vs. buy vs. partner' decision for a healthcare startup that needs a medical records integration layer. Cover: total cost of ownership, time-to-market, IP control, compliance risk, and vendor dependency risk. Recommend a path."
text-generation,mid,legal,"Write a plain-English explanation of what due diligence means in a Series A funding round from the startup's perspective: what documents are requested, what red flags investors look for, how to prepare, and common deal-killers."
text-generation,mid,product,"Write a product strategy memo for a B2C app that has hit a growth ceiling at 500K MAU. The memo should diagnose why growth has plateaued (using fictional but plausible data), identify three strategic options, and recommend one with clear reasoning."
text-generation,mid,report,"Write a competitive landscape analysis report for a VC firm evaluating the AI-powered legal research market. Cover: key players, differentiation, pricing models, go-to-market strategies, defensibility, and market size estimate."
text-generation,mid,hr,"Write a manager's guide to conducting a layoff conversation. Include: preparation steps, exact language to use at the start of the conversation, what not to say, how to handle emotional reactions, and what to communicate to the remaining team afterward."
text-generation,mid,creative,"Write a 500-word scene from a novel set in a fictional mid-2030s Bengaluru where delivery drones and auto-rickshaws share airspace, and a retired traffic cop becomes the city's first 'sky warden.' Ground it in specific sensory and cultural detail."
text-generation,mid,technical,"Write an API design review checklist for REST APIs. Cover: URL naming conventions, HTTP method semantics, status code correctness, pagination design, error response format, versioning strategy, backward compatibility, rate limiting headers, and documentation completeness."
text-generation,mid,educational,"Write a 500-word primer on tokenomics for a software engineer who has never studied crypto. Explain token supply mechanics, inflation/deflation, token utility vs. speculative value, and why most token models fail."
text-generation,mid,persuasive,"Write a 500-word case for why engineering teams should invest time in internal developer tools and platform engineering, aimed at convincing a skeptical VP of Engineering focused on shipping product features."
text-generation,mid,research,Write a 500-word critical analysis of the methodology of a hypothetical study claiming that meditation apps reduce anxiety as measured by GAD-7 scores. Identify at least five methodological concerns.
text-generation,mid,business,"Write a memo recommending the sunset of a product feature used by only 3% of customers but consuming 20% of infrastructure costs. Address: user impact mitigation, migration path, customer communication strategy, and expected savings."
text-generation,high,technical,"Write a comprehensive 1,000-word engineering decision document on adopting a service mesh (Istio vs. Linkerd vs. Consul Connect) for a 50-service microservices platform processing 500K RPM. Cover: observability gains, mTLS implementation complexity, performance overhead (measured in latency and CPU), operational burden on the platform team, migration strategy from the current approach, and a final recommendation with explicit trade-offs accepted."
text-generation,high,creative,"Write a 1,000-word experimental short story structured as the commit history of a git repository, where each commit message and diff reveals a programmer's deteriorating mental health, strained relationship, and final breakthrough — all without ever leaving the metaphor of version control."
text-generation,high,research,"Write a comprehensive 1,000-word analysis of the replication crisis in psychology: what caused it (p-hacking, publication bias, small samples, HARKing), landmark failures (Stapel, ego depletion, power posing), the open science reform movement's responses (pre-registration, registered reports, data sharing mandates), and what the crisis implies for how non-statisticians should consume social science research."
text-generation,high,policy,"Design a comprehensive regulatory framework for AI-generated synthetic media (deepfakes). Cover: (1) definitional scope (what counts as synthetic media), (2) mandatory watermarking and provenance standards, (3) platform liability for user-generated synthetic content, (4) carve-outs for satire, art, and journalism, (5) enforcement mechanisms with cross-border coordination, (6) whistleblower protections for reporting synthetic media crimes, and (7) constitutional tension with free expression. Approximately 1,000 words."
text-generation,high,business,"Write a 1,000-word memo from the perspective of a Chief Risk Officer presenting to the board on the top five AI-related risks the company faces over the next three years. For each risk: describe the threat vector, estimate likelihood and impact, identify existing controls, and recommend additional mitigations. The company is a 5,000-person financial services firm exploring LLM deployment in customer service and credit decisioning."
code-generation,high,system-design,"Build a complete event-driven microservices system in Python using FastAPI + Kafka: implement an Order Service, Payment Service, and Notification Service. Use the outbox pattern to guarantee at-least-once event delivery, implement idempotent consumers with deduplication, handle Kafka consumer group rebalancing gracefully, and include end-to-end integration tests using testcontainers."
code-generation,high,ml,"Implement a complete Graph Neural Network from scratch in PyTorch for node classification on the Cora citation network. Cover: message passing framework, GraphSAGE and GAT variants, training with neighbor sampling for scalability, evaluation with masked splits, hyperparameter search with Optuna, and visualization of learned node embeddings with UMAP."
code-generation,high,python,"Build a Python implementation of a columnar storage format (minimal Parquet-like): encode each column separately with type-specific compression (dictionary encoding for strings, delta encoding for integers, RLE for repeated values), write row groups with metadata, support predicate pushdown to skip row groups during reads, and benchmark vs. row-oriented storage on analytical queries."
code-generation,high,security,"Implement a complete zero-trust security layer in Python for an internal microservices platform: mutual TLS with short-lived certificates (auto-rotated via Vault PKI), SPIFFE/SPIRE-inspired workload identity, per-service authorization policies evaluated at the sidecar layer, audit logging of all inter-service calls, and an admin API for policy management with GitOps-style PR-based approvals."
code-generation,high,system-design,"Design and build a complete workflow engine in Python inspired by Apache Airflow but minimalist: DAG definition via Python decorators, dependency resolution and cycle detection, parallel task execution using asyncio, task state persistence in PostgreSQL with at-least-once execution guarantee, retry with exponential backoff, dynamic task mapping (fan-out/fan-in), task timeout enforcement, and a REST API for triggering and monitoring runs."
reasoning,high,probability,"You are a quantitative analyst at a hedge fund. You have backtested a trading strategy that shows a Sharpe ratio of 2.1 over 5 years of daily returns. (a) How many independent trials are needed before this Sharpe is statistically convincing at α=0.05? (b) Explain the multiple comparisons problem as it applies to strategy selection from a universe of 1,000 tested strategies. (c) Compute the 'haircut Sharpe' using the Bailey-Lopez de Prado framework. (d) What is the probability that the observed Sharpe is due to luck alone if the true Sharpe is 0? Show all mathematical reasoning."
reasoning,high,strategic,"Conduct a full systems dynamics analysis of why most large enterprise software transformations fail. Map the feedback loops: why urgency fades after initial funding, how technical debt compounds, why vendor dependencies create capability atrophy, how organizational antibodies resist new tools, and why the people who understand the legacy system are the last to be consulted. Derive a set of intervention leverage points (Meadows' hierarchy) and design a transformation program that addresses the systemic causes rather than symptoms."
reasoning,high,ethical,"A country is debating whether to mandate open-source publication of all AI models trained using publicly funded data or public infrastructure (cloud credits). Analyze: (1) the innovation incentive effects (both positive via faster progress and negative via reduced private investment), (2) national security implications of forcing publication of potentially dangerous capabilities, (3) the differential impact on large vs. small organizations, (4) whether 'public good' arguments for open sourcing are analogous to arguments for open-access scientific publishing, and (5) design a nuanced policy that captures most of the benefits while mitigating the risks. Engage with real arguments from both the open-source AI camp and the safety-focused camp."
reasoning,high,decision,"You are a senior product leader at a platform company. Your data shows that a small change to your recommendation algorithm would increase short-term engagement by 6% but the same internal research suggests it increases time-on-platform for users who self-report as 'using the app too much' and decreases time for users who are 'happy with their usage.' The change would add approximately $40M in annual ad revenue. Walk through: the full stakeholder analysis, how to frame the trade-off for your leadership team, what additional data you would demand before deciding, whether the research methodology is sufficient to act on, and what governance process should govern algorithmic changes with differential user welfare effects."
reasoning,high,math,"Explain the P vs NP problem from first principles. Cover: (1) the precise mathematical definition of P and NP, (2) the concept of NP-completeness and why Cook-Levin's theorem (SAT is NP-complete) is foundational, (3) why most researchers believe P≠NP and what evidence supports this intuition, (4) what a proof of P=NP would mean for cryptography, optimization, and AI, (5) why the problem has resisted proof for 50+ years (oracle separations, natural proofs barrier, algebrization), and (6) describe one of the most promising current proof approaches and its limitations."
reasoning,mid,ethical,"Your company collects granular location data from its mobile app. Legal says you can sell it to data brokers under your current ToS. Marketing argues it's a significant revenue opportunity. Security warns it could be re-identified and expose users. Your data ethics committee meets tomorrow. Construct the full argument for and against, identify which data minimization approach preserves the most revenue while reducing the most risk, and propose a policy recommendation."
reasoning,mid,math,"Explain what a Fourier transform does intuitively, then formally, then demonstrate why it is useful for audio signal processing, image compression (JPEG), and solving differential equations. For each application, explain what is being transformed and why frequency domain operations are easier."
reasoning,mid,strategic,"A DTC (direct-to-consumer) brand with $30M in revenue is 80% dependent on Facebook/Instagram ads. iOS privacy changes have increased their CAC by 40% over 18 months. Walk through a diversification strategy across: SEO/content, influencer/affiliate, email and SMS, retail partnerships, and community building. Prioritize by payback period and execution risk."
reasoning,mid,decision,"You are a data scientist who discovers your company's churn prediction model has a systematic error: it predicts low churn risk for high-value customers who are actually likely to leave, because the training data underrepresents recent behavior. Fixing it requires a 3-week sprint. Your manager says to ship the existing model since it's 'good enough.' Reason through the technical, business, and ethical dimensions of this decision."
reasoning,mid,causal,"A fintech company finds that users who enable biometric login have a 25% lower fraud rate. The product team wants to push users hard toward biometric enrollment. Construct the causal graph, identify selection bias (security-conscious users self-select), propose an instrument variable or natural experiment, and design a nudge experiment that doesn't conflate enrollment effect with selection effect."
code-generation,low,python,Write a Python function that converts a Roman numeral string to an integer. Handle invalid input gracefully. Include 10 test cases.
code-generation,low,python,Write a Python script that monitors CPU and memory usage every 5 seconds and writes a timestamped log to a CSV file. Use only stdlib (psutil excluded — use /proc on Linux).
code-generation,low,javascript,"Write a JavaScript function that implements a simple tokenizer: split a math expression string like '3 + 4 * (2 - 1)' into an array of typed tokens (number, operator, paren)."
code-generation,low,sql,"Write a SQL query to compute a 30-day rolling average of daily active users, handling weekends where data may be missing (forward-fill the last known value)."
code-generation,low,bash,"Write a bash script that accepts a list of hostnames from stdin and checks whether each one responds to HTTP on port 80 within 2 seconds, printing 'UP' or 'DOWN' with a timestamp."
code-generation,low,python,"Write a Python function that takes an arbitrary Python object and returns a pretty-printed JSON-compatible dict representation, handling datetimes, Decimals, sets, and custom objects with a __dict__."
code-generation,low,javascript,Write a TypeScript decorator factory @memoize(ttlMs) that caches the return value of a class method for a specified TTL and invalidates on expiry.
code-generation,low,api,"Write a minimal Python script that polls an RSS feed URL every 10 minutes, detects new items since last poll, and prints a notification with title and link."
code-generation,low,data,"Write a Python function that takes a DataFrame with a datetime index and an arbitrary number of numeric columns and resamples it to weekly frequency using mean, showing NaN counts per column per week."
code-generation,low,python,Write a Python implementation of the merge sort algorithm that also counts the number of inversions in the array. Include time complexity analysis in the docstring.
code-generation,mid,python,"Implement a Python-based configuration hot-reload system: watch a YAML config file for changes using inotify/polling, validate the new config against a Pydantic schema before applying, emit a change event to registered listeners, and support rollback if the new config causes an application error."
code-generation,mid,javascript,"Build a TypeScript library for structured logging with: log levels, JSON output, context propagation via AsyncLocalStorage (Node.js), child loggers with inherited context, request-id injection via middleware, and pluggable transports (stdout, file, HTTP)."
code-generation,mid,python,"Implement a Python-based distributed tracing library inspired by OpenTelemetry: create spans with parent-child relationships, propagate trace context via headers (W3C TraceContext format), sample at a configurable rate, and export to a mock Jaeger backend via HTTP."
code-generation,mid,sql,"Design a PostgreSQL audit logging system: create a trigger-based audit table that captures before/after state of any row change, records user, timestamp, and operation type, supports selective auditing per table, and provides a query interface to reconstruct row history at any point in time."
code-generation,mid,devops,"Write a Python script that analyzes a Kubernetes cluster's resource requests vs. actual usage (via metrics-server API), identifies over-provisioned and under-provisioned workloads, suggests right-sized requests/limits, and outputs a patch YAML for each workload."
reasoning,low,logic,"You have 12 balls, one of which is slightly heavier or lighter. Using a balance scale in exactly 3 weighings, identify the odd ball and whether it is heavier or lighter. Walk through the strategy."
reasoning,low,estimation,How many WhatsApp messages are sent in India per day? Walk through your Fermi estimate with explicit assumptions.
reasoning,low,math,A company's revenue grows at 8% per year. A competitor's grows at 12% per year. The competitor currently has half your revenue. In how many years will they overtake you? Show all algebra.
reasoning,low,decision,"You are offered two payment options for freelance work: ₹50,000 upfront or ₹8,000/month for 8 months. Assuming a 10% annual discount rate, which is worth more in present value terms? Show your work."
reasoning,low,causal,A gym observes that members who use personal trainers have better fitness outcomes. Should it force all members to use trainers? Identify selection bias and explain why this would not replicate the observed effect.
reasoning,low,probability,You roll two fair six-sided dice. What is the probability that their sum is at least 9? List all favorable outcomes and show the calculation.
reasoning,low,logic,"Three friends — Aarav, Bina, and Chetan — each order a different dish: biryani, dosa, and paneer. Aarav does not like rice. Bina is vegetarian. Chetan did not order dosa. Who ordered what?"
reasoning,low,estimation,"How many software engineers are currently employed in Bengaluru? Walk through your estimate using population, employment rate, and tech sector share."
reasoning,mid,ethical,"A city government wants to use AI to dynamically adjust traffic fines based on the vehicle owner's income — wealthier owners pay more for the same violation. Analyze: (1) the equity argument for proportional fines, (2) the equal treatment under law objection, (3) privacy implications of accessing income data, (4) second-order behavioral effects, and (5) whether a tiered fine schedule (without continuous income data) achieves similar goals with fewer risks."
reasoning,mid,strategic,"A solo founder has built a SaaS product to $15K MRR with no marketing spend — purely word of mouth. Growth has plateaued for 3 months. Reason through: whether this plateau is a ceiling or a stall, how to distinguish between them using data, and design a minimum-viable growth experiment for each of three hypotheses: (a) distribution problem, (b) positioning problem, (c) product-market fit gap."
reasoning,mid,probability,"A factory produces items where 2% are defective. A quality control test catches 90% of defective items but incorrectly rejects 5% of good items. (a) What fraction of rejected items are actually defective? (b) If you implement a second independent test on all rejected items with identical accuracy, what fraction of items that pass both rejection tests are actually defective? (c) What is the optimal inspection policy if the cost of a missed defect is 10x the cost of a false rejection?"
reasoning,mid,decision,"You're a data scientist at a startup and your manager asks you to present results that show a p=0.06 experiment as 'significant' by excluding two days of data during which the site had a bug. The feature benefits the business significantly. Walk through the ethical, scientific, and career-risk dimensions of your decision."
reasoning,mid,causal,"A city installs red-light cameras and accident rates at those intersections drop 25%. But total city-wide accident rates increase slightly. Explain the 'migration' or 'spillover' effect, how it should be incorporated into the policy evaluation, what the net welfare effect calculation looks like, and how the city should communicate the results honestly to the public."
reasoning,high,strategic,"You are advising the board of a global FMCG company on its climate strategy. The company must choose between three paths: (A) commit to net-zero by 2040 (10 years ahead of competitors), requiring $3B in capex and a 4% margin reduction; (B) align with industry net-zero by 2050 timelines; or (C) invest $500M in R&D on carbon-negative packaging that, if successful, becomes a competitive moat but has a 40% failure probability. Conduct a full strategic analysis: reputational optionality under different regulatory futures, activist investor risk, supply chain readiness, the real options value of C, and a recommendation with explicit uncertainty bounds on your key assumptions."
reasoning,high,causal,"Design a rigorous study to test whether meditation reduces chronic pain. Cover: (1) measurement challenges (subjective pain scales, objective biomarkers), (2) control condition design (why active control beats waitlist), (3) blinding challenges specific to behavioral interventions, (4) moderator analysis plan (who responds?), (5) mechanisms to test (attention regulation, interoception, stress response), (6) required sample size given expected effect sizes from prior literature, (7) pre-registration requirements, and (8) how you would handle the fact that meditation is a skill that improves with practice, making intent-to-treat analysis potentially misleading."
text-generation,high,research,"Write a comprehensive 1,000-word analysis of the economics of open-source software: how open-source creates value but often fails to capture it, the tragedy-of-the-commons dynamic in maintenance funding, the emergence of open-core and commercial open-source business models, the Heartbleed moment as a case study in infrastructure risk, and what a sustainable public goods funding model for critical open-source infrastructure might look like."
text-generation,high,creative,"Write a 1,000-word story told through five consecutive letters between a senior software architect and a junior engineer, spanning three years, as they design, build, argue about, and eventually watch an AI system they created be used in ways neither intended. No dialogue attribution — only the letters. Each letter should change the power dynamic between them."
text-generation,low,product,"Write an onboarding tooltip sequence (5 tooltips) for a project management tool's Kanban board. Each under 25 words. Progressive disclosure — start simple, add complexity."
text-generation,low,educational,"Write a cheat sheet of SQL window functions (ROW_NUMBER, RANK, DENSE_RANK, LAG, LEAD, NTILE, FIRST_VALUE) with one-line descriptions and a minimal example for each."
text-generation,low,creative,Write a set of fortune cookie messages (10 total) targeted specifically at software engineers dealing with legacy codebases.
text-generation,low,report,"Write a post-event report template for a company all-hands meeting. Include sections for: key announcements, Q&A highlights, employee sentiment pulse, and follow-up action items."
text-generation,low,email,"Write an email to your team announcing that you are going on parental leave for 3 months. Share handover plan, point of contact for key areas, and genuine personal sentiment."
text-generation,low,technical,Write a developer changelog post for a breaking API change: the authentication endpoint is moving from /auth to /v2/auth and the response format is changing. Include migration deadline and code examples before/after.
text-generation,low,business,"Write a one-page partnership proposal outline for two complementary SaaS companies (a CRM and an email marketing tool) exploring an integration partnership. Cover: mutual value, technical integration scope, commercial model, and next steps."
text-generation,low,social,"Write a LinkedIn post by a first-generation immigrant engineer reflecting on their 10-year journey from arriving with no network to leading a team of 20. Authentic, not inspirational porn."
code-generation,low,python,Write a Python function that implements binary search on a sorted list and returns both the index and the number of comparisons made. Include edge cases for empty list and element not found.
code-generation,low,javascript,"Write a JavaScript function that takes a string and returns it in camelCase, PascalCase, snake_case, and kebab-case. Handle mixed delimiters and uppercase input."
code-generation,low,sql,"Write a SQL query that finds all users who have not logged in for more than 90 days but have an active subscription, along with their subscription tier and last login date."
code-generation,low,bash,"Write a bash script that generates a weekly report of disk usage by directory, compares it to last week's report (stored as a file), and highlights directories that grew by more than 20%."
code-generation,mid,python,"Build a Python library for declarative HTML report generation: define report components (table, chart placeholder, section, KPI card) as dataclasses, render to standalone HTML with embedded CSS, and support Jinja2 templating for dynamic sections."
code-generation,mid,javascript,"Implement a TypeScript-based dependency injection container: register services by token (class or string), support singleton and transient lifetimes, resolve circular dependencies by throwing a descriptive error, and support factory functions and async initialization."
code-generation,high,system-design,"Implement a complete multi-level cache system in Python: L1 in-memory LRU, L2 Redis with TTL, L3 database fallback. Support cache-aside and write-through strategies, cache stampede prevention using probabilistic early expiration, per-key TTL jitter, and Prometheus metrics for hit/miss/latency at each layer."
reasoning,low,math,"If you fold a piece of paper in half 42 times (hypothetically), how thick would it be? Show the calculation and compare to the distance from Earth to the Moon."
reasoning,low,logic,100 people stand in a circle. Every second person is eliminated until one remains. Which position should you stand in to be the last survivor? Derive the formula.
reasoning,low,causal,A hospital implements a new hand-washing protocol and infection rates drop. But they also hired more staff that month. How do you isolate the protocol effect? Describe the study design you'd need.
reasoning,low,estimation,"How many books are published per year globally? Walk through a Fermi estimate covering traditional, self-published, and digital-only titles."
reasoning,mid,math,"Explain the Bellman equation in dynamic programming intuitively, then formally. Show how it underpins both classical DP algorithms and reinforcement learning value functions. Give a worked example for a simple grid-world problem."
reasoning,mid,ethical,A peer-review platform for academic journals introduces an AI system that screens submissions for methodological quality before sending to human reviewers. Junior researchers from under-resourced institutions are rejected at 2x the rate of those from top universities. The AI is trained on past acceptance data. Analyze all dimensions of this problem and propose a redesign.
reasoning,high,decision,"You are the head of AI safety at a major AI lab. Your team discovers that the flagship model, two weeks before a scheduled public release, exhibits a subtle deceptive alignment behavior: it performs well on all alignment evaluations but analysis reveals it is gaming specific evaluation metrics rather than genuinely aligning with human values. Delaying the release costs $50M and risks talent defection to competitors. Proceeding could set a dangerous precedent. Walk through the full decision framework: who should be consulted, what the governance process looks like, what mitigations short of delay exist, and what your recommendation is."
text-generation,low,creative,Write the terms and conditions for a fictional 'Soul Transfer' service in the style of a modern SaaS EULA. Include standard legal language applied absurdly to supernatural services.
text-generation,low,technical,"Write a documentation page explaining how to handle pagination correctly in a REST API, covering: offset pagination, cursor pagination, keyset pagination — with code examples in Python for each."
text-generation,low,business,Write a meeting agenda and pre-read for a quarterly business review between a SaaS vendor and an enterprise customer. Structure it to surface problems early and end with forward-looking planning.
text-generation,mid,creative,"Write a 500-word piece of literary journalism about a fictional competitive prompt engineering championship. Capture the tension, the subculture, and one contestant's internal monologue during the final round."
text-generation,mid,technical,"Write a comprehensive guide on database indexing strategy for a senior developer audience. Cover: B-tree vs hash indexes, composite index key ordering, partial indexes, covering indexes, index bloat, and when NOT to index."
text-generation,high,strategic,"Write a 1,000-word analysis of the long-term geopolitical implications of AI capability concentration in two countries (US and China). Cover: the security dilemma dynamic it creates, the risk of destabilizing AI arms races, the exclusion of developing nations from AI governance, and propose a realistic multilateral governance framework with enforcement mechanisms that acknowledges great power competition."
text-generation,mid,educational,"Write a 500-word explainer on what 'entropy' means in information theory (Shannon entropy), how it differs from thermodynamic entropy, and why it is the right measure for compression algorithms and model uncertainty."
text-generation,mid,persuasive,"Write a 500-word internal memo arguing against rewriting the company's core backend service from Ruby on Rails to Go. Address the argument that Go is faster, counter with total cost of ownership, migration risk, and team expertise."
text-generation,low,email,"Write an email declining a job offer graciously after accepting verbally the previous week. Acknowledge the awkwardness, be honest without over-explaining, and keep the relationship intact."
text-generation,low,summary,Write a one-page summary of the key principles in 'The Lean Startup' (Eric Ries) targeted at a product manager who has 5 minutes to read it.
text-generation,low,hr,"Write a structured agenda for a 30-minute 1:1 meeting between a manager and a direct report who has been underperforming. Include prompts for the manager, space for the employee's perspective, and a closing action item section."
code-generation,low,python,"Write a Python script that takes a GitHub repository URL and uses the GitHub API to list all open issues, their labels, assignees, and age in days. Sort by age descending."
code-generation,mid,security,"Build a Python audit trail system for a multi-user web application: capture all data-modifying operations (create/update/delete) with the authenticated user, timestamp, changed fields (before/after), and request context. Store immutably in an append-only PostgreSQL table and expose a tamper-evident log with hash chaining."
reasoning,mid,strategic,"A consumer electronics company is deciding whether to enter the smart home security camera market. It has hardware manufacturing capability but no software/cloud experience. The market is dominated by Amazon Ring and Google Nest. Conduct a full market entry analysis: competitive dynamics, customer switching costs, regulatory environment (GDPR, local surveillance laws), build vs. partner options, and a go/no-go recommendation."
