id,prompt,intent,task_type,reasoning_chain_detected,d1,d2,d3,d4,d5,complexity_score,tier,complexity,original_complexity,research_signals,confidence,low_confidence_flag,task_description,expected_answer,prompting_techniques,prompt_type,phrasing_style,domain,source
aug_v3_t3_001,"Create a complete implementation package for healthcare AI. It must include an executive summary, target-state architecture, operating model, roadmap, RACI, risk register, and migration plan covering HIPAA, model risk, and clinical safety. Make the output detailed enough for executive, technical, legal, and operating stakeholders. Scenario variant 1: emphasize operating model.",STRATEGIC,generation,True,1.0,1.0,0.75,1.0,0.75,0.925,T3,high,,"[""regulatory_compliance"", ""security"", ""ai_governance""]",,False,Phase2-style T3 prompt for healthcare AI,,,AUGMENTED_T3,,,aug_v3
aug_v3_t3_002,"Design Python pseudocode and SQL validation checks for healthcare AI. The solution must process governance evidence, score risk, generate audit-ready reports, and handle edge cases involving HIPAA, model risk, and clinical safety. Make the output detailed enough for executive, technical, legal, and operating stakeholders. Scenario variant 2: emphasize risk quantification.",SYNTHETIC,coding,True,0.75,1.0,1.0,1.0,0.75,0.8875,T3,high,,"[""regulatory_compliance"", ""security"", ""ai_governance""]",,False,Phase2-style T3 prompt for healthcare AI,,,AUGMENTED_T3,,,aug_v3
aug_v3_t3_003,"Reformat the raw policy notes for healthcare AI into a strict JSON schema plus a markdown executive summary. Preserve all controls, exceptions, owners, dates, and evidence fields related to HIPAA, model risk, and clinical safety. Make the output detailed enough for executive, technical, legal, and operating stakeholders. Scenario variant 3: emphasize vendor tradeoffs.",STRATEGIC,formatting,True,1.0,1.0,1.0,1.0,1.0,1.0,T3,high,,"[""regulatory_compliance"", ""security"", ""ai_governance""]",,False,Phase2-style T3 prompt for healthcare AI,,,AUGMENTED_T3,,,aug_v3
aug_v3_t3_004,"Design a strategic recommendation for healthcare AI. The board needs a decision memo that synthesizes HIPAA, model risk, and clinical safety. Include options, tradeoffs, phased risks, success metrics, and a final recommendation. Make the output detailed enough for executive, technical, legal, and operating stakeholders. Scenario variant 4: emphasize timeline sequencing.",STRATEGIC,reasoning,True,1.0,0.75,1.0,0.75,1.0,0.9125,T3,high,,"[""regulatory_compliance"", ""security"", ""ai_governance""]",,False,Phase2-style T3 prompt for healthcare AI,,,AUGMENTED_T3,,,aug_v3
aug_v3_t3_005,"Summarize the attached executive packet for healthcare AI, then turn it into a board-ready brief. The packet covers HIPAA, model risk, and clinical safety. Include key decisions, unresolved risks, evidence gaps, and recommended next actions. Make the output detailed enough for executive, technical, legal, and operating stakeholders. Scenario variant 5: emphasize governance controls.",STRATEGIC,summarisation,True,1.0,0.75,0.75,1.0,1.0,0.9,T3,high,,"[""regulatory_compliance"", ""security"", ""ai_governance""]",,False,Phase2-style T3 prompt for healthcare AI,,,AUGMENTED_T3,,,aug_v3
aug_v3_t3_006,"Classify the following portfolio items for healthcare AI into risk tiers and investment priorities. Explain the criteria and apply them to examples involving HIPAA, model risk, and clinical safety. Make the output detailed enough for executive, technical, legal, and operating stakeholders. Scenario variant 6: emphasize operating model.",STRATEGIC,classification,True,1.0,1.0,0.75,1.0,0.75,0.925,T3,high,,"[""regulatory_compliance"", ""security"", ""ai_governance""]",,False,Phase2-style T3 prompt for healthcare AI,,,AUGMENTED_T3,,,aug_v3
aug_v3_t3_007,"Generate SPARQL queries for a knowledge graph about healthcare AI. The ontology includes vendors, controls, risks, systems, owners, and evidence related to HIPAA, model risk, and clinical safety. Include prefixes and explain each query. Make the output detailed enough for executive, technical, legal, and operating stakeholders. Scenario variant 7: emphasize risk quantification.",SYNTHETIC,sparql_generation,True,0.75,1.0,1.0,1.0,0.75,0.8875,T3,high,,"[""regulatory_compliance"", ""security"", ""ai_governance""]",,False,Phase2-style T3 prompt for healthcare AI,,,AUGMENTED_T3,,,aug_v3
aug_v3_t3_008,"Create a complete implementation package for healthcare AI. It must include an executive summary, target-state architecture, operating model, roadmap, RACI, risk register, and migration plan covering HIPAA, model risk, and clinical safety. Make the output detailed enough for executive, technical, legal, and operating stakeholders. Scenario variant 8: emphasize vendor tradeoffs.",STRATEGIC,generation,True,1.0,1.0,1.0,1.0,1.0,1.0,T3,high,,"[""regulatory_compliance"", ""security"", ""ai_governance""]",,False,Phase2-style T3 prompt for healthcare AI,,,AUGMENTED_T3,,,aug_v3
aug_v3_t3_009,"Design Python pseudocode and SQL validation checks for healthcare AI. The solution must process governance evidence, score risk, generate audit-ready reports, and handle edge cases involving HIPAA, model risk, and clinical safety. Make the output detailed enough for executive, technical, legal, and operating stakeholders. Scenario variant 9: emphasize timeline sequencing.",STRATEGIC,coding,True,1.0,0.75,1.0,0.75,1.0,0.9125,T3,high,,"[""regulatory_compliance"", ""security"", ""ai_governance""]",,False,Phase2-style T3 prompt for healthcare AI,,,AUGMENTED_T3,,,aug_v3
aug_v3_t3_010,"Reformat the raw policy notes for healthcare AI into a strict JSON schema plus a markdown executive summary. Preserve all controls, exceptions, owners, dates, and evidence fields related to HIPAA, model risk, and clinical safety. Make the output detailed enough for executive, technical, legal, and operating stakeholders. Scenario variant 10: emphasize governance controls.",STRATEGIC,formatting,True,1.0,0.75,0.75,1.0,1.0,0.9,T3,high,,"[""regulatory_compliance"", ""security"", ""ai_governance""]",,False,Phase2-style T3 prompt for healthcare AI,,,AUGMENTED_T3,,,aug_v3
aug_v3_t3_011,"Classify the following portfolio items for multi-cloud FinOps into risk tiers and investment priorities. Explain the criteria and apply them to examples involving AWS, Azure, unit economics, and chargeback policy. Make the output detailed enough for executive, technical, legal, and operating stakeholders. Scenario variant 1: emphasize operating model.",STRATEGIC,classification,True,1.0,1.0,0.75,1.0,0.75,0.925,T3,high,,"[""finops"", ""cloud_infrastructure"", ""vendor_analysis""]",,False,Phase2-style T3 prompt for multi-cloud FinOps,,,AUGMENTED_T3,,,aug_v3
aug_v3_t3_012,"Generate SPARQL queries for a knowledge graph about multi-cloud FinOps. The ontology includes vendors, controls, risks, systems, owners, and evidence related to AWS, Azure, unit economics, and chargeback policy. Include prefixes and explain each query. Make the output detailed enough for executive, technical, legal, and operating stakeholders. Scenario variant 2: emphasize risk quantification.",SYNTHETIC,sparql_generation,True,0.75,1.0,1.0,1.0,0.75,0.8875,T3,high,,"[""finops"", ""cloud_infrastructure"", ""vendor_analysis""]",,False,Phase2-style T3 prompt for multi-cloud FinOps,,,AUGMENTED_T3,,,aug_v3
aug_v3_t3_013,"Create a complete implementation package for multi-cloud FinOps. It must include an executive summary, target-state architecture, operating model, roadmap, RACI, risk register, and migration plan covering AWS, Azure, unit economics, and chargeback policy. Make the output detailed enough for executive, technical, legal, and operating stakeholders. Scenario variant 3: emphasize vendor tradeoffs.",STRATEGIC,generation,True,1.0,1.0,1.0,1.0,1.0,1.0,T3,high,,"[""finops"", ""cloud_infrastructure"", ""vendor_analysis""]",,False,Phase2-style T3 prompt for multi-cloud FinOps,,,AUGMENTED_T3,,,aug_v3
aug_v3_t3_014,"Design Python pseudocode and SQL validation checks for multi-cloud FinOps. The solution must process governance evidence, score risk, generate audit-ready reports, and handle edge cases involving AWS, Azure, unit economics, and chargeback policy. Make the output detailed enough for executive, technical, legal, and operating stakeholders. Scenario variant 4: emphasize timeline sequencing.",STRATEGIC,coding,True,1.0,0.75,1.0,0.75,1.0,0.9125,T3,high,,"[""finops"", ""cloud_infrastructure"", ""vendor_analysis""]",,False,Phase2-style T3 prompt for multi-cloud FinOps,,,AUGMENTED_T3,,,aug_v3
aug_v3_t3_015,"Reformat the raw policy notes for multi-cloud FinOps into a strict JSON schema plus a markdown executive summary. Preserve all controls, exceptions, owners, dates, and evidence fields related to AWS, Azure, unit economics, and chargeback policy. Make the output detailed enough for executive, technical, legal, and operating stakeholders. Scenario variant 5: emphasize governance controls.",STRATEGIC,formatting,True,1.0,0.75,0.75,1.0,1.0,0.9,T3,high,,"[""finops"", ""cloud_infrastructure"", ""vendor_analysis""]",,False,Phase2-style T3 prompt for multi-cloud FinOps,,,AUGMENTED_T3,,,aug_v3
aug_v3_t3_016,"Design a strategic recommendation for multi-cloud FinOps. The board needs a decision memo that synthesizes AWS, Azure, unit economics, and chargeback policy. Include options, tradeoffs, phased risks, success metrics, and a final recommendation. Make the output detailed enough for executive, technical, legal, and operating stakeholders. Scenario variant 6: emphasize operating model.",STRATEGIC,reasoning,True,1.0,1.0,0.75,1.0,0.75,0.925,T3,high,,"[""finops"", ""cloud_infrastructure"", ""vendor_analysis""]",,False,Phase2-style T3 prompt for multi-cloud FinOps,,,AUGMENTED_T3,,,aug_v3
aug_v3_t3_017,"Summarize the attached executive packet for multi-cloud FinOps, then turn it into a board-ready brief. The packet covers AWS, Azure, unit economics, and chargeback policy. Include key decisions, unresolved risks, evidence gaps, and recommended next actions. Make the output detailed enough for executive, technical, legal, and operating stakeholders. Scenario variant 7: emphasize risk quantification.",SYNTHETIC,summarisation,True,0.75,1.0,1.0,1.0,0.75,0.8875,T3,high,,"[""finops"", ""cloud_infrastructure"", ""vendor_analysis""]",,False,Phase2-style T3 prompt for multi-cloud FinOps,,,AUGMENTED_T3,,,aug_v3
aug_v3_t3_018,"Classify the following portfolio items for multi-cloud FinOps into risk tiers and investment priorities. Explain the criteria and apply them to examples involving AWS, Azure, unit economics, and chargeback policy. Make the output detailed enough for executive, technical, legal, and operating stakeholders. Scenario variant 8: emphasize vendor tradeoffs.",STRATEGIC,classification,True,1.0,1.0,1.0,1.0,1.0,1.0,T3,high,,"[""finops"", ""cloud_infrastructure"", ""vendor_analysis""]",,False,Phase2-style T3 prompt for multi-cloud FinOps,,,AUGMENTED_T3,,,aug_v3
aug_v3_t3_019,"Generate SPARQL queries for a knowledge graph about multi-cloud FinOps. The ontology includes vendors, controls, risks, systems, owners, and evidence related to AWS, Azure, unit economics, and chargeback policy. Include prefixes and explain each query. Make the output detailed enough for executive, technical, legal, and operating stakeholders. Scenario variant 9: emphasize timeline sequencing.",STRATEGIC,sparql_generation,True,1.0,0.75,1.0,0.75,1.0,0.9125,T3,high,,"[""finops"", ""cloud_infrastructure"", ""vendor_analysis""]",,False,Phase2-style T3 prompt for multi-cloud FinOps,,,AUGMENTED_T3,,,aug_v3
aug_v3_t3_020,"Create a complete implementation package for multi-cloud FinOps. It must include an executive summary, target-state architecture, operating model, roadmap, RACI, risk register, and migration plan covering AWS, Azure, unit economics, and chargeback policy. Make the output detailed enough for executive, technical, legal, and operating stakeholders. Scenario variant 10: emphasize governance controls.",STRATEGIC,generation,True,1.0,0.75,0.75,1.0,1.0,0.9,T3,high,,"[""finops"", ""cloud_infrastructure"", ""vendor_analysis""]",,False,Phase2-style T3 prompt for multi-cloud FinOps,,,AUGMENTED_T3,,,aug_v3
aug_v3_t3_021,"Design a strategic recommendation for supply chain resilience. The board needs a decision memo that synthesizes supplier risk, inventory buffers, and geopolitical exposure. Include options, tradeoffs, phased risks, success metrics, and a final recommendation. Make the output detailed enough for executive, technical, legal, and operating stakeholders. Scenario variant 1: emphasize operating model.",STRATEGIC,reasoning,True,1.0,1.0,0.75,1.0,0.75,0.925,T3,high,,"[""supply_chain"", ""market_research""]",,False,Phase2-style T3 prompt for supply chain resilience,,,AUGMENTED_T3,,,aug_v3
aug_v3_t3_022,"Summarize the attached executive packet for supply chain resilience, then turn it into a board-ready brief. The packet covers supplier risk, inventory buffers, and geopolitical exposure. Include key decisions, unresolved risks, evidence gaps, and recommended next actions. Make the output detailed enough for executive, technical, legal, and operating stakeholders. Scenario variant 2: emphasize risk quantification.",SYNTHETIC,summarisation,True,0.75,1.0,1.0,1.0,0.75,0.8875,T3,high,,"[""supply_chain"", ""market_research""]",,False,Phase2-style T3 prompt for supply chain resilience,,,AUGMENTED_T3,,,aug_v3
aug_v3_t3_023,"Classify the following portfolio items for supply chain resilience into risk tiers and investment priorities. Explain the criteria and apply them to examples involving supplier risk, inventory buffers, and geopolitical exposure. Make the output detailed enough for executive, technical, legal, and operating stakeholders. Scenario variant 3: emphasize vendor tradeoffs.",STRATEGIC,classification,True,1.0,1.0,1.0,1.0,1.0,1.0,T3,high,,"[""supply_chain"", ""market_research""]",,False,Phase2-style T3 prompt for supply chain resilience,,,AUGMENTED_T3,,,aug_v3
aug_v3_t3_024,"Generate SPARQL queries for a knowledge graph about supply chain resilience. The ontology includes vendors, controls, risks, systems, owners, and evidence related to supplier risk, inventory buffers, and geopolitical exposure. Include prefixes and explain each query. Make the output detailed enough for executive, technical, legal, and operating stakeholders. Scenario variant 4: emphasize timeline sequencing.",STRATEGIC,sparql_generation,True,1.0,0.75,1.0,0.75,1.0,0.9125,T3,high,,"[""supply_chain"", ""market_research""]",,False,Phase2-style T3 prompt for supply chain resilience,,,AUGMENTED_T3,,,aug_v3
aug_v3_t3_025,"Create a complete implementation package for supply chain resilience. It must include an executive summary, target-state architecture, operating model, roadmap, RACI, risk register, and migration plan covering supplier risk, inventory buffers, and geopolitical exposure. Make the output detailed enough for executive, technical, legal, and operating stakeholders. Scenario variant 5: emphasize governance controls.",STRATEGIC,generation,True,1.0,0.75,0.75,1.0,1.0,0.9,T3,high,,"[""supply_chain"", ""market_research""]",,False,Phase2-style T3 prompt for supply chain resilience,,,AUGMENTED_T3,,,aug_v3
aug_v3_t3_026,"Design Python pseudocode and SQL validation checks for supply chain resilience. The solution must process governance evidence, score risk, generate audit-ready reports, and handle edge cases involving supplier risk, inventory buffers, and geopolitical exposure. Make the output detailed enough for executive, technical, legal, and operating stakeholders. Scenario variant 6: emphasize operating model.",STRATEGIC,coding,True,1.0,1.0,0.75,1.0,0.75,0.925,T3,high,,"[""supply_chain"", ""market_research""]",,False,Phase2-style T3 prompt for supply chain resilience,,,AUGMENTED_T3,,,aug_v3
aug_v3_t3_027,"Reformat the raw policy notes for supply chain resilience into a strict JSON schema plus a markdown executive summary. Preserve all controls, exceptions, owners, dates, and evidence fields related to supplier risk, inventory buffers, and geopolitical exposure. Make the output detailed enough for executive, technical, legal, and operating stakeholders. Scenario variant 7: emphasize risk quantification.",SYNTHETIC,formatting,True,0.75,1.0,1.0,1.0,0.75,0.8875,T3,high,,"[""supply_chain"", ""market_research""]",,False,Phase2-style T3 prompt for supply chain resilience,,,AUGMENTED_T3,,,aug_v3
aug_v3_t3_028,"Design a strategic recommendation for supply chain resilience. The board needs a decision memo that synthesizes supplier risk, inventory buffers, and geopolitical exposure. Include options, tradeoffs, phased risks, success metrics, and a final recommendation. Make the output detailed enough for executive, technical, legal, and operating stakeholders. Scenario variant 8: emphasize vendor tradeoffs.",STRATEGIC,reasoning,True,1.0,1.0,1.0,1.0,1.0,1.0,T3,high,,"[""supply_chain"", ""market_research""]",,False,Phase2-style T3 prompt for supply chain resilience,,,AUGMENTED_T3,,,aug_v3
aug_v3_t3_029,"Summarize the attached executive packet for supply chain resilience, then turn it into a board-ready brief. The packet covers supplier risk, inventory buffers, and geopolitical exposure. Include key decisions, unresolved risks, evidence gaps, and recommended next actions. Make the output detailed enough for executive, technical, legal, and operating stakeholders. Scenario variant 9: emphasize timeline sequencing.",STRATEGIC,summarisation,True,1.0,0.75,1.0,0.75,1.0,0.9125,T3,high,,"[""supply_chain"", ""market_research""]",,False,Phase2-style T3 prompt for supply chain resilience,,,AUGMENTED_T3,,,aug_v3
aug_v3_t3_030,"Classify the following portfolio items for supply chain resilience into risk tiers and investment priorities. Explain the criteria and apply them to examples involving supplier risk, inventory buffers, and geopolitical exposure. Make the output detailed enough for executive, technical, legal, and operating stakeholders. Scenario variant 10: emphasize governance controls.",STRATEGIC,classification,True,1.0,0.75,0.75,1.0,1.0,0.9,T3,high,,"[""supply_chain"", ""market_research""]",,False,Phase2-style T3 prompt for supply chain resilience,,,AUGMENTED_T3,,,aug_v3
aug_v3_t3_031,"Design Python pseudocode and SQL validation checks for HR analytics governance. The solution must process governance evidence, score risk, generate audit-ready reports, and handle edge cases involving EU AI Act, Workday, bias testing, and employee appeals. Make the output detailed enough for executive, technical, legal, and operating stakeholders. Scenario variant 1: emphasize operating model.",STRATEGIC,coding,True,1.0,1.0,0.75,1.0,0.75,0.925,T3,high,,"[""hr_tech"", ""regulatory_compliance"", ""ai_governance""]",,False,Phase2-style T3 prompt for HR analytics governance,,,AUGMENTED_T3,,,aug_v3
aug_v3_t3_032,"Reformat the raw policy notes for HR analytics governance into a strict JSON schema plus a markdown executive summary. Preserve all controls, exceptions, owners, dates, and evidence fields related to EU AI Act, Workday, bias testing, and employee appeals. Make the output detailed enough for executive, technical, legal, and operating stakeholders. Scenario variant 2: emphasize risk quantification.",SYNTHETIC,formatting,True,0.75,1.0,1.0,1.0,0.75,0.8875,T3,high,,"[""hr_tech"", ""regulatory_compliance"", ""ai_governance""]",,False,Phase2-style T3 prompt for HR analytics governance,,,AUGMENTED_T3,,,aug_v3
aug_v3_t3_033,"Design a strategic recommendation for HR analytics governance. The board needs a decision memo that synthesizes EU AI Act, Workday, bias testing, and employee appeals. Include options, tradeoffs, phased risks, success metrics, and a final recommendation. Make the output detailed enough for executive, technical, legal, and operating stakeholders. Scenario variant 3: emphasize vendor tradeoffs.",STRATEGIC,reasoning,True,1.0,1.0,1.0,1.0,1.0,1.0,T3,high,,"[""hr_tech"", ""regulatory_compliance"", ""ai_governance""]",,False,Phase2-style T3 prompt for HR analytics governance,,,AUGMENTED_T3,,,aug_v3
aug_v3_t3_034,"Summarize the attached executive packet for HR analytics governance, then turn it into a board-ready brief. The packet covers EU AI Act, Workday, bias testing, and employee appeals. Include key decisions, unresolved risks, evidence gaps, and recommended next actions. Make the output detailed enough for executive, technical, legal, and operating stakeholders. Scenario variant 4: emphasize timeline sequencing.",STRATEGIC,summarisation,True,1.0,0.75,1.0,0.75,1.0,0.9125,T3,high,,"[""hr_tech"", ""regulatory_compliance"", ""ai_governance""]",,False,Phase2-style T3 prompt for HR analytics governance,,,AUGMENTED_T3,,,aug_v3
aug_v3_t3_035,"Classify the following portfolio items for HR analytics governance into risk tiers and investment priorities. Explain the criteria and apply them to examples involving EU AI Act, Workday, bias testing, and employee appeals. Make the output detailed enough for executive, technical, legal, and operating stakeholders. Scenario variant 5: emphasize governance controls.",STRATEGIC,classification,True,1.0,0.75,0.75,1.0,1.0,0.9,T3,high,,"[""hr_tech"", ""regulatory_compliance"", ""ai_governance""]",,False,Phase2-style T3 prompt for HR analytics governance,,,AUGMENTED_T3,,,aug_v3
aug_v3_t3_036,"Generate SPARQL queries for a knowledge graph about HR analytics governance. The ontology includes vendors, controls, risks, systems, owners, and evidence related to EU AI Act, Workday, bias testing, and employee appeals. Include prefixes and explain each query. Make the output detailed enough for executive, technical, legal, and operating stakeholders. Scenario variant 6: emphasize operating model.",STRATEGIC,sparql_generation,True,1.0,1.0,0.75,1.0,0.75,0.925,T3,high,,"[""hr_tech"", ""regulatory_compliance"", ""ai_governance""]",,False,Phase2-style T3 prompt for HR analytics governance,,,AUGMENTED_T3,,,aug_v3
aug_v3_t3_037,"Create a complete implementation package for HR analytics governance. It must include an executive summary, target-state architecture, operating model, roadmap, RACI, risk register, and migration plan covering EU AI Act, Workday, bias testing, and employee appeals. Make the output detailed enough for executive, technical, legal, and operating stakeholders. Scenario variant 7: emphasize risk quantification.",SYNTHETIC,generation,True,0.75,1.0,1.0,1.0,0.75,0.8875,T3,high,,"[""hr_tech"", ""regulatory_compliance"", ""ai_governance""]",,False,Phase2-style T3 prompt for HR analytics governance,,,AUGMENTED_T3,,,aug_v3
aug_v3_t3_038,"Design Python pseudocode and SQL validation checks for HR analytics governance. The solution must process governance evidence, score risk, generate audit-ready reports, and handle edge cases involving EU AI Act, Workday, bias testing, and employee appeals. Make the output detailed enough for executive, technical, legal, and operating stakeholders. Scenario variant 8: emphasize vendor tradeoffs.",STRATEGIC,coding,True,1.0,1.0,1.0,1.0,1.0,1.0,T3,high,,"[""hr_tech"", ""regulatory_compliance"", ""ai_governance""]",,False,Phase2-style T3 prompt for HR analytics governance,,,AUGMENTED_T3,,,aug_v3
aug_v3_t3_039,"Reformat the raw policy notes for HR analytics governance into a strict JSON schema plus a markdown executive summary. Preserve all controls, exceptions, owners, dates, and evidence fields related to EU AI Act, Workday, bias testing, and employee appeals. Make the output detailed enough for executive, technical, legal, and operating stakeholders. Scenario variant 9: emphasize timeline sequencing.",STRATEGIC,formatting,True,1.0,0.75,1.0,0.75,1.0,0.9125,T3,high,,"[""hr_tech"", ""regulatory_compliance"", ""ai_governance""]",,False,Phase2-style T3 prompt for HR analytics governance,,,AUGMENTED_T3,,,aug_v3
aug_v3_t3_040,"Design a strategic recommendation for HR analytics governance. The board needs a decision memo that synthesizes EU AI Act, Workday, bias testing, and employee appeals. Include options, tradeoffs, phased risks, success metrics, and a final recommendation. Make the output detailed enough for executive, technical, legal, and operating stakeholders. Scenario variant 10: emphasize governance controls.",STRATEGIC,reasoning,True,1.0,0.75,0.75,1.0,1.0,0.9,T3,high,,"[""hr_tech"", ""regulatory_compliance"", ""ai_governance""]",,False,Phase2-style T3 prompt for HR analytics governance,,,AUGMENTED_T3,,,aug_v3
aug_v3_t3_041,"Generate SPARQL queries for a knowledge graph about data platform modernization. The ontology includes vendors, controls, risks, systems, owners, and evidence related to Snowflake, Databricks, lineage, quality SLAs, and migration risk. Include prefixes and explain each query. Make the output detailed enough for executive, technical, legal, and operating stakeholders. Scenario variant 1: emphasize operating model.",STRATEGIC,sparql_generation,True,1.0,1.0,0.75,1.0,0.75,0.925,T3,high,,"[""data_engineering"", ""cloud_infrastructure""]",,False,Phase2-style T3 prompt for data platform modernization,,,AUGMENTED_T3,,,aug_v3
aug_v3_t3_042,"Create a complete implementation package for data platform modernization. It must include an executive summary, target-state architecture, operating model, roadmap, RACI, risk register, and migration plan covering Snowflake, Databricks, lineage, quality SLAs, and migration risk. Make the output detailed enough for executive, technical, legal, and operating stakeholders. Scenario variant 2: emphasize risk quantification.",SYNTHETIC,generation,True,0.75,1.0,1.0,1.0,0.75,0.8875,T3,high,,"[""data_engineering"", ""cloud_infrastructure""]",,False,Phase2-style T3 prompt for data platform modernization,,,AUGMENTED_T3,,,aug_v3
aug_v3_t3_043,"Design Python pseudocode and SQL validation checks for data platform modernization. The solution must process governance evidence, score risk, generate audit-ready reports, and handle edge cases involving Snowflake, Databricks, lineage, quality SLAs, and migration risk. Make the output detailed enough for executive, technical, legal, and operating stakeholders. Scenario variant 3: emphasize vendor tradeoffs.",STRATEGIC,coding,True,1.0,1.0,1.0,1.0,1.0,1.0,T3,high,,"[""data_engineering"", ""cloud_infrastructure""]",,False,Phase2-style T3 prompt for data platform modernization,,,AUGMENTED_T3,,,aug_v3
aug_v3_t3_044,"Reformat the raw policy notes for data platform modernization into a strict JSON schema plus a markdown executive summary. Preserve all controls, exceptions, owners, dates, and evidence fields related to Snowflake, Databricks, lineage, quality SLAs, and migration risk. Make the output detailed enough for executive, technical, legal, and operating stakeholders. Scenario variant 4: emphasize timeline sequencing.",STRATEGIC,formatting,True,1.0,0.75,1.0,0.75,1.0,0.9125,T3,high,,"[""data_engineering"", ""cloud_infrastructure""]",,False,Phase2-style T3 prompt for data platform modernization,,,AUGMENTED_T3,,,aug_v3
aug_v3_t3_045,"Design a strategic recommendation for data platform modernization. The board needs a decision memo that synthesizes Snowflake, Databricks, lineage, quality SLAs, and migration risk. Include options, tradeoffs, phased risks, success metrics, and a final recommendation. Make the output detailed enough for executive, technical, legal, and operating stakeholders. Scenario variant 5: emphasize governance controls.",STRATEGIC,reasoning,True,1.0,0.75,0.75,1.0,1.0,0.9,T3,high,,"[""data_engineering"", ""cloud_infrastructure""]",,False,Phase2-style T3 prompt for data platform modernization,,,AUGMENTED_T3,,,aug_v3
aug_v3_t3_046,"Summarize the attached executive packet for data platform modernization, then turn it into a board-ready brief. The packet covers Snowflake, Databricks, lineage, quality SLAs, and migration risk. Include key decisions, unresolved risks, evidence gaps, and recommended next actions. Make the output detailed enough for executive, technical, legal, and operating stakeholders. Scenario variant 6: emphasize operating model.",STRATEGIC,summarisation,True,1.0,1.0,0.75,1.0,0.75,0.925,T3,high,,"[""data_engineering"", ""cloud_infrastructure""]",,False,Phase2-style T3 prompt for data platform modernization,,,AUGMENTED_T3,,,aug_v3
aug_v3_t3_047,"Classify the following portfolio items for data platform modernization into risk tiers and investment priorities. Explain the criteria and apply them to examples involving Snowflake, Databricks, lineage, quality SLAs, and migration risk. Make the output detailed enough for executive, technical, legal, and operating stakeholders. Scenario variant 7: emphasize risk quantification.",SYNTHETIC,classification,True,0.75,1.0,1.0,1.0,0.75,0.8875,T3,high,,"[""data_engineering"", ""cloud_infrastructure""]",,False,Phase2-style T3 prompt for data platform modernization,,,AUGMENTED_T3,,,aug_v3
aug_v3_t3_048,"Generate SPARQL queries for a knowledge graph about data platform modernization. The ontology includes vendors, controls, risks, systems, owners, and evidence related to Snowflake, Databricks, lineage, quality SLAs, and migration risk. Include prefixes and explain each query. Make the output detailed enough for executive, technical, legal, and operating stakeholders. Scenario variant 8: emphasize vendor tradeoffs.",STRATEGIC,sparql_generation,True,1.0,1.0,1.0,1.0,1.0,1.0,T3,high,,"[""data_engineering"", ""cloud_infrastructure""]",,False,Phase2-style T3 prompt for data platform modernization,,,AUGMENTED_T3,,,aug_v3
aug_v3_t3_049,"Create a complete implementation package for data platform modernization. It must include an executive summary, target-state architecture, operating model, roadmap, RACI, risk register, and migration plan covering Snowflake, Databricks, lineage, quality SLAs, and migration risk. Make the output detailed enough for executive, technical, legal, and operating stakeholders. Scenario variant 9: emphasize timeline sequencing.",STRATEGIC,generation,True,1.0,0.75,1.0,0.75,1.0,0.9125,T3,high,,"[""data_engineering"", ""cloud_infrastructure""]",,False,Phase2-style T3 prompt for data platform modernization,,,AUGMENTED_T3,,,aug_v3
aug_v3_t3_050,"Design Python pseudocode and SQL validation checks for data platform modernization. The solution must process governance evidence, score risk, generate audit-ready reports, and handle edge cases involving Snowflake, Databricks, lineage, quality SLAs, and migration risk. Make the output detailed enough for executive, technical, legal, and operating stakeholders. Scenario variant 10: emphasize governance controls.",STRATEGIC,coding,True,1.0,0.75,0.75,1.0,1.0,0.9,T3,high,,"[""data_engineering"", ""cloud_infrastructure""]",,False,Phase2-style T3 prompt for data platform modernization,,,AUGMENTED_T3,,,aug_v3
aug_v3_t3_051,"Summarize the attached executive packet for cybersecurity transformation, then turn it into a board-ready brief. The packet covers zero trust, identity governance, audit findings, and board risk. Include key decisions, unresolved risks, evidence gaps, and recommended next actions. Make the output detailed enough for executive, technical, legal, and operating stakeholders. Scenario variant 1: emphasize operating model.",STRATEGIC,summarisation,True,1.0,1.0,0.75,1.0,0.75,0.925,T3,high,,"[""security"", ""regulatory_compliance""]",,False,Phase2-style T3 prompt for cybersecurity transformation,,,AUGMENTED_T3,,,aug_v3
aug_v3_t3_052,"Classify the following portfolio items for cybersecurity transformation into risk tiers and investment priorities. Explain the criteria and apply them to examples involving zero trust, identity governance, audit findings, and board risk. Make the output detailed enough for executive, technical, legal, and operating stakeholders. Scenario variant 2: emphasize risk quantification.",SYNTHETIC,classification,True,0.75,1.0,1.0,1.0,0.75,0.8875,T3,high,,"[""security"", ""regulatory_compliance""]",,False,Phase2-style T3 prompt for cybersecurity transformation,,,AUGMENTED_T3,,,aug_v3
aug_v3_t3_053,"Generate SPARQL queries for a knowledge graph about cybersecurity transformation. The ontology includes vendors, controls, risks, systems, owners, and evidence related to zero trust, identity governance, audit findings, and board risk. Include prefixes and explain each query. Make the output detailed enough for executive, technical, legal, and operating stakeholders. Scenario variant 3: emphasize vendor tradeoffs.",STRATEGIC,sparql_generation,True,1.0,1.0,1.0,1.0,1.0,1.0,T3,high,,"[""security"", ""regulatory_compliance""]",,False,Phase2-style T3 prompt for cybersecurity transformation,,,AUGMENTED_T3,,,aug_v3
aug_v3_t3_054,"Create a complete implementation package for cybersecurity transformation. It must include an executive summary, target-state architecture, operating model, roadmap, RACI, risk register, and migration plan covering zero trust, identity governance, audit findings, and board risk. Make the output detailed enough for executive, technical, legal, and operating stakeholders. Scenario variant 4: emphasize timeline sequencing.",STRATEGIC,generation,True,1.0,0.75,1.0,0.75,1.0,0.9125,T3,high,,"[""security"", ""regulatory_compliance""]",,False,Phase2-style T3 prompt for cybersecurity transformation,,,AUGMENTED_T3,,,aug_v3
aug_v3_t3_055,"Design Python pseudocode and SQL validation checks for cybersecurity transformation. The solution must process governance evidence, score risk, generate audit-ready reports, and handle edge cases involving zero trust, identity governance, audit findings, and board risk. Make the output detailed enough for executive, technical, legal, and operating stakeholders. Scenario variant 5: emphasize governance controls.",STRATEGIC,coding,True,1.0,0.75,0.75,1.0,1.0,0.9,T3,high,,"[""security"", ""regulatory_compliance""]",,False,Phase2-style T3 prompt for cybersecurity transformation,,,AUGMENTED_T3,,,aug_v3
aug_v3_t3_056,"Reformat the raw policy notes for cybersecurity transformation into a strict JSON schema plus a markdown executive summary. Preserve all controls, exceptions, owners, dates, and evidence fields related to zero trust, identity governance, audit findings, and board risk. Make the output detailed enough for executive, technical, legal, and operating stakeholders. Scenario variant 6: emphasize operating model.",STRATEGIC,formatting,True,1.0,1.0,0.75,1.0,0.75,0.925,T3,high,,"[""security"", ""regulatory_compliance""]",,False,Phase2-style T3 prompt for cybersecurity transformation,,,AUGMENTED_T3,,,aug_v3
aug_v3_t3_057,"Design a strategic recommendation for cybersecurity transformation. The board needs a decision memo that synthesizes zero trust, identity governance, audit findings, and board risk. Include options, tradeoffs, phased risks, success metrics, and a final recommendation. Make the output detailed enough for executive, technical, legal, and operating stakeholders. Scenario variant 7: emphasize risk quantification.",SYNTHETIC,reasoning,True,0.75,1.0,1.0,1.0,0.75,0.8875,T3,high,,"[""security"", ""regulatory_compliance""]",,False,Phase2-style T3 prompt for cybersecurity transformation,,,AUGMENTED_T3,,,aug_v3
aug_v3_t3_058,"Summarize the attached executive packet for cybersecurity transformation, then turn it into a board-ready brief. The packet covers zero trust, identity governance, audit findings, and board risk. Include key decisions, unresolved risks, evidence gaps, and recommended next actions. Make the output detailed enough for executive, technical, legal, and operating stakeholders. Scenario variant 8: emphasize vendor tradeoffs.",STRATEGIC,summarisation,True,1.0,1.0,1.0,1.0,1.0,1.0,T3,high,,"[""security"", ""regulatory_compliance""]",,False,Phase2-style T3 prompt for cybersecurity transformation,,,AUGMENTED_T3,,,aug_v3
aug_v3_t3_059,"Classify the following portfolio items for cybersecurity transformation into risk tiers and investment priorities. Explain the criteria and apply them to examples involving zero trust, identity governance, audit findings, and board risk. Make the output detailed enough for executive, technical, legal, and operating stakeholders. Scenario variant 9: emphasize timeline sequencing.",STRATEGIC,classification,True,1.0,0.75,1.0,0.75,1.0,0.9125,T3,high,,"[""security"", ""regulatory_compliance""]",,False,Phase2-style T3 prompt for cybersecurity transformation,,,AUGMENTED_T3,,,aug_v3
aug_v3_t3_060,"Generate SPARQL queries for a knowledge graph about cybersecurity transformation. The ontology includes vendors, controls, risks, systems, owners, and evidence related to zero trust, identity governance, audit findings, and board risk. Include prefixes and explain each query. Make the output detailed enough for executive, technical, legal, and operating stakeholders. Scenario variant 10: emphasize governance controls.",STRATEGIC,sparql_generation,True,1.0,0.75,0.75,1.0,1.0,0.9,T3,high,,"[""security"", ""regulatory_compliance""]",,False,Phase2-style T3 prompt for cybersecurity transformation,,,AUGMENTED_T3,,,aug_v3
aug_v3_t3_061,"Reformat the raw policy notes for competitive product strategy into a strict JSON schema plus a markdown executive summary. Preserve all controls, exceptions, owners, dates, and evidence fields related to market benchmarks, pricing, customer segments, and roadmap tradeoffs. Make the output detailed enough for executive, technical, legal, and operating stakeholders. Scenario variant 1: emphasize operating model.",STRATEGIC,formatting,True,1.0,1.0,0.75,1.0,0.75,0.925,T3,high,,"[""competitive_analysis"", ""market_research""]",,False,Phase2-style T3 prompt for competitive product strategy,,,AUGMENTED_T3,,,aug_v3
aug_v3_t3_062,"Design a strategic recommendation for competitive product strategy. The board needs a decision memo that synthesizes market benchmarks, pricing, customer segments, and roadmap tradeoffs. Include options, tradeoffs, phased risks, success metrics, and a final recommendation. Make the output detailed enough for executive, technical, legal, and operating stakeholders. Scenario variant 2: emphasize risk quantification.",SYNTHETIC,reasoning,True,0.75,1.0,1.0,1.0,0.75,0.8875,T3,high,,"[""competitive_analysis"", ""market_research""]",,False,Phase2-style T3 prompt for competitive product strategy,,,AUGMENTED_T3,,,aug_v3
aug_v3_t3_063,"Summarize the attached executive packet for competitive product strategy, then turn it into a board-ready brief. The packet covers market benchmarks, pricing, customer segments, and roadmap tradeoffs. Include key decisions, unresolved risks, evidence gaps, and recommended next actions. Make the output detailed enough for executive, technical, legal, and operating stakeholders. Scenario variant 3: emphasize vendor tradeoffs.",STRATEGIC,summarisation,True,1.0,1.0,1.0,1.0,1.0,1.0,T3,high,,"[""competitive_analysis"", ""market_research""]",,False,Phase2-style T3 prompt for competitive product strategy,,,AUGMENTED_T3,,,aug_v3
aug_v3_t3_064,"Classify the following portfolio items for competitive product strategy into risk tiers and investment priorities. Explain the criteria and apply them to examples involving market benchmarks, pricing, customer segments, and roadmap tradeoffs. Make the output detailed enough for executive, technical, legal, and operating stakeholders. Scenario variant 4: emphasize timeline sequencing.",STRATEGIC,classification,True,1.0,0.75,1.0,0.75,1.0,0.9125,T3,high,,"[""competitive_analysis"", ""market_research""]",,False,Phase2-style T3 prompt for competitive product strategy,,,AUGMENTED_T3,,,aug_v3
aug_v3_t3_065,"Generate SPARQL queries for a knowledge graph about competitive product strategy. The ontology includes vendors, controls, risks, systems, owners, and evidence related to market benchmarks, pricing, customer segments, and roadmap tradeoffs. Include prefixes and explain each query. Make the output detailed enough for executive, technical, legal, and operating stakeholders. Scenario variant 5: emphasize governance controls.",STRATEGIC,sparql_generation,True,1.0,0.75,0.75,1.0,1.0,0.9,T3,high,,"[""competitive_analysis"", ""market_research""]",,False,Phase2-style T3 prompt for competitive product strategy,,,AUGMENTED_T3,,,aug_v3
aug_v3_t3_066,"Create a complete implementation package for competitive product strategy. It must include an executive summary, target-state architecture, operating model, roadmap, RACI, risk register, and migration plan covering market benchmarks, pricing, customer segments, and roadmap tradeoffs. Make the output detailed enough for executive, technical, legal, and operating stakeholders. Scenario variant 6: emphasize operating model.",STRATEGIC,generation,True,1.0,1.0,0.75,1.0,0.75,0.925,T3,high,,"[""competitive_analysis"", ""market_research""]",,False,Phase2-style T3 prompt for competitive product strategy,,,AUGMENTED_T3,,,aug_v3
aug_v3_t3_067,"Design Python pseudocode and SQL validation checks for competitive product strategy. The solution must process governance evidence, score risk, generate audit-ready reports, and handle edge cases involving market benchmarks, pricing, customer segments, and roadmap tradeoffs. Make the output detailed enough for executive, technical, legal, and operating stakeholders. Scenario variant 7: emphasize risk quantification.",SYNTHETIC,coding,True,0.75,1.0,1.0,1.0,0.75,0.8875,T3,high,,"[""competitive_analysis"", ""market_research""]",,False,Phase2-style T3 prompt for competitive product strategy,,,AUGMENTED_T3,,,aug_v3
aug_v3_t3_068,"Reformat the raw policy notes for competitive product strategy into a strict JSON schema plus a markdown executive summary. Preserve all controls, exceptions, owners, dates, and evidence fields related to market benchmarks, pricing, customer segments, and roadmap tradeoffs. Make the output detailed enough for executive, technical, legal, and operating stakeholders. Scenario variant 8: emphasize vendor tradeoffs.",STRATEGIC,formatting,True,1.0,1.0,1.0,1.0,1.0,1.0,T3,high,,"[""competitive_analysis"", ""market_research""]",,False,Phase2-style T3 prompt for competitive product strategy,,,AUGMENTED_T3,,,aug_v3
aug_v3_t3_069,"Design a strategic recommendation for competitive product strategy. The board needs a decision memo that synthesizes market benchmarks, pricing, customer segments, and roadmap tradeoffs. Include options, tradeoffs, phased risks, success metrics, and a final recommendation. Make the output detailed enough for executive, technical, legal, and operating stakeholders. Scenario variant 9: emphasize timeline sequencing.",STRATEGIC,reasoning,True,1.0,0.75,1.0,0.75,1.0,0.9125,T3,high,,"[""competitive_analysis"", ""market_research""]",,False,Phase2-style T3 prompt for competitive product strategy,,,AUGMENTED_T3,,,aug_v3
aug_v3_t3_070,"Summarize the attached executive packet for competitive product strategy, then turn it into a board-ready brief. The packet covers market benchmarks, pricing, customer segments, and roadmap tradeoffs. Include key decisions, unresolved risks, evidence gaps, and recommended next actions. Make the output detailed enough for executive, technical, legal, and operating stakeholders. Scenario variant 10: emphasize governance controls.",STRATEGIC,summarisation,True,1.0,0.75,0.75,1.0,1.0,0.9,T3,high,,"[""competitive_analysis"", ""market_research""]",,False,Phase2-style T3 prompt for competitive product strategy,,,AUGMENTED_T3,,,aug_v3
aug_v3_t3_071,"Create a complete implementation package for GenAI vendor selection. It must include an executive summary, target-state architecture, operating model, roadmap, RACI, risk register, and migration plan covering RFP scoring, legal review, data retention, and deployment architecture. Make the output detailed enough for executive, technical, legal, and operating stakeholders. Scenario variant 1: emphasize operating model.",STRATEGIC,generation,True,1.0,1.0,0.75,1.0,0.75,0.925,T3,high,,"[""vendor_analysis"", ""ai_governance"", ""security""]",,False,Phase2-style T3 prompt for GenAI vendor selection,,,AUGMENTED_T3,,,aug_v3
aug_v3_t3_072,"Design Python pseudocode and SQL validation checks for GenAI vendor selection. The solution must process governance evidence, score risk, generate audit-ready reports, and handle edge cases involving RFP scoring, legal review, data retention, and deployment architecture. Make the output detailed enough for executive, technical, legal, and operating stakeholders. Scenario variant 2: emphasize risk quantification.",SYNTHETIC,coding,True,0.75,1.0,1.0,1.0,0.75,0.8875,T3,high,,"[""vendor_analysis"", ""ai_governance"", ""security""]",,False,Phase2-style T3 prompt for GenAI vendor selection,,,AUGMENTED_T3,,,aug_v3
aug_v3_t3_073,"Reformat the raw policy notes for GenAI vendor selection into a strict JSON schema plus a markdown executive summary. Preserve all controls, exceptions, owners, dates, and evidence fields related to RFP scoring, legal review, data retention, and deployment architecture. Make the output detailed enough for executive, technical, legal, and operating stakeholders. Scenario variant 3: emphasize vendor tradeoffs.",STRATEGIC,formatting,True,1.0,1.0,1.0,1.0,1.0,1.0,T3,high,,"[""vendor_analysis"", ""ai_governance"", ""security""]",,False,Phase2-style T3 prompt for GenAI vendor selection,,,AUGMENTED_T3,,,aug_v3
aug_v3_t3_074,"Design a strategic recommendation for GenAI vendor selection. The board needs a decision memo that synthesizes RFP scoring, legal review, data retention, and deployment architecture. Include options, tradeoffs, phased risks, success metrics, and a final recommendation. Make the output detailed enough for executive, technical, legal, and operating stakeholders. Scenario variant 4: emphasize timeline sequencing.",STRATEGIC,reasoning,True,1.0,0.75,1.0,0.75,1.0,0.9125,T3,high,,"[""vendor_analysis"", ""ai_governance"", ""security""]",,False,Phase2-style T3 prompt for GenAI vendor selection,,,AUGMENTED_T3,,,aug_v3
aug_v3_t3_075,"Summarize the attached executive packet for GenAI vendor selection, then turn it into a board-ready brief. The packet covers RFP scoring, legal review, data retention, and deployment architecture. Include key decisions, unresolved risks, evidence gaps, and recommended next actions. Make the output detailed enough for executive, technical, legal, and operating stakeholders. Scenario variant 5: emphasize governance controls.",STRATEGIC,summarisation,True,1.0,0.75,0.75,1.0,1.0,0.9,T3,high,,"[""vendor_analysis"", ""ai_governance"", ""security""]",,False,Phase2-style T3 prompt for GenAI vendor selection,,,AUGMENTED_T3,,,aug_v3
aug_v3_t3_076,"Classify the following portfolio items for GenAI vendor selection into risk tiers and investment priorities. Explain the criteria and apply them to examples involving RFP scoring, legal review, data retention, and deployment architecture. Make the output detailed enough for executive, technical, legal, and operating stakeholders. Scenario variant 6: emphasize operating model.",STRATEGIC,classification,True,1.0,1.0,0.75,1.0,0.75,0.925,T3,high,,"[""vendor_analysis"", ""ai_governance"", ""security""]",,False,Phase2-style T3 prompt for GenAI vendor selection,,,AUGMENTED_T3,,,aug_v3
aug_v3_t3_077,"Generate SPARQL queries for a knowledge graph about GenAI vendor selection. The ontology includes vendors, controls, risks, systems, owners, and evidence related to RFP scoring, legal review, data retention, and deployment architecture. Include prefixes and explain each query. Make the output detailed enough for executive, technical, legal, and operating stakeholders. Scenario variant 7: emphasize risk quantification.",SYNTHETIC,sparql_generation,True,0.75,1.0,1.0,1.0,0.75,0.8875,T3,high,,"[""vendor_analysis"", ""ai_governance"", ""security""]",,False,Phase2-style T3 prompt for GenAI vendor selection,,,AUGMENTED_T3,,,aug_v3
aug_v3_t3_078,"Create a complete implementation package for GenAI vendor selection. It must include an executive summary, target-state architecture, operating model, roadmap, RACI, risk register, and migration plan covering RFP scoring, legal review, data retention, and deployment architecture. Make the output detailed enough for executive, technical, legal, and operating stakeholders. Scenario variant 8: emphasize vendor tradeoffs.",STRATEGIC,generation,True,1.0,1.0,1.0,1.0,1.0,1.0,T3,high,,"[""vendor_analysis"", ""ai_governance"", ""security""]",,False,Phase2-style T3 prompt for GenAI vendor selection,,,AUGMENTED_T3,,,aug_v3
aug_v3_t3_079,"Design Python pseudocode and SQL validation checks for GenAI vendor selection. The solution must process governance evidence, score risk, generate audit-ready reports, and handle edge cases involving RFP scoring, legal review, data retention, and deployment architecture. Make the output detailed enough for executive, technical, legal, and operating stakeholders. Scenario variant 9: emphasize timeline sequencing.",STRATEGIC,coding,True,1.0,0.75,1.0,0.75,1.0,0.9125,T3,high,,"[""vendor_analysis"", ""ai_governance"", ""security""]",,False,Phase2-style T3 prompt for GenAI vendor selection,,,AUGMENTED_T3,,,aug_v3
aug_v3_t3_080,"Reformat the raw policy notes for GenAI vendor selection into a strict JSON schema plus a markdown executive summary. Preserve all controls, exceptions, owners, dates, and evidence fields related to RFP scoring, legal review, data retention, and deployment architecture. Make the output detailed enough for executive, technical, legal, and operating stakeholders. Scenario variant 10: emphasize governance controls.",STRATEGIC,formatting,True,1.0,0.75,0.75,1.0,1.0,0.9,T3,high,,"[""vendor_analysis"", ""ai_governance"", ""security""]",,False,Phase2-style T3 prompt for GenAI vendor selection,,,AUGMENTED_T3,,,aug_v3
aug_v3_t3_081,"Classify the following portfolio items for IoT factory optimization into risk tiers and investment priorities. Explain the criteria and apply them to examples involving edge telemetry, PLC reliability, maintenance windows, and safety controls. Make the output detailed enough for executive, technical, legal, and operating stakeholders. Scenario variant 1: emphasize operating model.",STRATEGIC,classification,True,1.0,1.0,0.75,1.0,0.75,0.925,T3,high,,"[""cloud_infrastructure"", ""system_integration""]",,False,Phase2-style T3 prompt for IoT factory optimization,,,AUGMENTED_T3,,,aug_v3
aug_v3_t3_082,"Generate SPARQL queries for a knowledge graph about IoT factory optimization. The ontology includes vendors, controls, risks, systems, owners, and evidence related to edge telemetry, PLC reliability, maintenance windows, and safety controls. Include prefixes and explain each query. Make the output detailed enough for executive, technical, legal, and operating stakeholders. Scenario variant 2: emphasize risk quantification.",SYNTHETIC,sparql_generation,True,0.75,1.0,1.0,1.0,0.75,0.8875,T3,high,,"[""cloud_infrastructure"", ""system_integration""]",,False,Phase2-style T3 prompt for IoT factory optimization,,,AUGMENTED_T3,,,aug_v3
aug_v3_t3_083,"Create a complete implementation package for IoT factory optimization. It must include an executive summary, target-state architecture, operating model, roadmap, RACI, risk register, and migration plan covering edge telemetry, PLC reliability, maintenance windows, and safety controls. Make the output detailed enough for executive, technical, legal, and operating stakeholders. Scenario variant 3: emphasize vendor tradeoffs.",STRATEGIC,generation,True,1.0,1.0,1.0,1.0,1.0,1.0,T3,high,,"[""cloud_infrastructure"", ""system_integration""]",,False,Phase2-style T3 prompt for IoT factory optimization,,,AUGMENTED_T3,,,aug_v3
aug_v3_t3_084,"Design Python pseudocode and SQL validation checks for IoT factory optimization. The solution must process governance evidence, score risk, generate audit-ready reports, and handle edge cases involving edge telemetry, PLC reliability, maintenance windows, and safety controls. Make the output detailed enough for executive, technical, legal, and operating stakeholders. Scenario variant 4: emphasize timeline sequencing.",STRATEGIC,coding,True,1.0,0.75,1.0,0.75,1.0,0.9125,T3,high,,"[""cloud_infrastructure"", ""system_integration""]",,False,Phase2-style T3 prompt for IoT factory optimization,,,AUGMENTED_T3,,,aug_v3
aug_v3_t3_085,"Reformat the raw policy notes for IoT factory optimization into a strict JSON schema plus a markdown executive summary. Preserve all controls, exceptions, owners, dates, and evidence fields related to edge telemetry, PLC reliability, maintenance windows, and safety controls. Make the output detailed enough for executive, technical, legal, and operating stakeholders. Scenario variant 5: emphasize governance controls.",STRATEGIC,formatting,True,1.0,0.75,0.75,1.0,1.0,0.9,T3,high,,"[""cloud_infrastructure"", ""system_integration""]",,False,Phase2-style T3 prompt for IoT factory optimization,,,AUGMENTED_T3,,,aug_v3
aug_v3_t3_086,"Design a strategic recommendation for IoT factory optimization. The board needs a decision memo that synthesizes edge telemetry, PLC reliability, maintenance windows, and safety controls. Include options, tradeoffs, phased risks, success metrics, and a final recommendation. Make the output detailed enough for executive, technical, legal, and operating stakeholders. Scenario variant 6: emphasize operating model.",STRATEGIC,reasoning,True,1.0,1.0,0.75,1.0,0.75,0.925,T3,high,,"[""cloud_infrastructure"", ""system_integration""]",,False,Phase2-style T3 prompt for IoT factory optimization,,,AUGMENTED_T3,,,aug_v3
aug_v3_t3_087,"Summarize the attached executive packet for IoT factory optimization, then turn it into a board-ready brief. The packet covers edge telemetry, PLC reliability, maintenance windows, and safety controls. Include key decisions, unresolved risks, evidence gaps, and recommended next actions. Make the output detailed enough for executive, technical, legal, and operating stakeholders. Scenario variant 7: emphasize risk quantification.",SYNTHETIC,summarisation,True,0.75,1.0,1.0,1.0,0.75,0.8875,T3,high,,"[""cloud_infrastructure"", ""system_integration""]",,False,Phase2-style T3 prompt for IoT factory optimization,,,AUGMENTED_T3,,,aug_v3
aug_v3_t3_088,"Classify the following portfolio items for IoT factory optimization into risk tiers and investment priorities. Explain the criteria and apply them to examples involving edge telemetry, PLC reliability, maintenance windows, and safety controls. Make the output detailed enough for executive, technical, legal, and operating stakeholders. Scenario variant 8: emphasize vendor tradeoffs.",STRATEGIC,classification,True,1.0,1.0,1.0,1.0,1.0,1.0,T3,high,,"[""cloud_infrastructure"", ""system_integration""]",,False,Phase2-style T3 prompt for IoT factory optimization,,,AUGMENTED_T3,,,aug_v3
aug_v3_t3_089,"Generate SPARQL queries for a knowledge graph about IoT factory optimization. The ontology includes vendors, controls, risks, systems, owners, and evidence related to edge telemetry, PLC reliability, maintenance windows, and safety controls. Include prefixes and explain each query. Make the output detailed enough for executive, technical, legal, and operating stakeholders. Scenario variant 9: emphasize timeline sequencing.",STRATEGIC,sparql_generation,True,1.0,0.75,1.0,0.75,1.0,0.9125,T3,high,,"[""cloud_infrastructure"", ""system_integration""]",,False,Phase2-style T3 prompt for IoT factory optimization,,,AUGMENTED_T3,,,aug_v3
aug_v3_t3_090,"Create a complete implementation package for IoT factory optimization. It must include an executive summary, target-state architecture, operating model, roadmap, RACI, risk register, and migration plan covering edge telemetry, PLC reliability, maintenance windows, and safety controls. Make the output detailed enough for executive, technical, legal, and operating stakeholders. Scenario variant 10: emphasize governance controls.",STRATEGIC,generation,True,1.0,0.75,0.75,1.0,1.0,0.9,T3,high,,"[""cloud_infrastructure"", ""system_integration""]",,False,Phase2-style T3 prompt for IoT factory optimization,,,AUGMENTED_T3,,,aug_v3
aug_v3_t3_091,"Design a strategic recommendation for regulatory reporting automation. The board needs a decision memo that synthesizes SOX controls, evidence collection, workflow approvals, and audit trails. Include options, tradeoffs, phased risks, success metrics, and a final recommendation. Make the output detailed enough for executive, technical, legal, and operating stakeholders. Scenario variant 1: emphasize operating model.",STRATEGIC,reasoning,True,1.0,1.0,0.75,1.0,0.75,0.925,T3,high,,"[""regulatory_compliance"", ""system_integration""]",,False,Phase2-style T3 prompt for regulatory reporting automation,,,AUGMENTED_T3,,,aug_v3
aug_v3_t3_092,"Summarize the attached executive packet for regulatory reporting automation, then turn it into a board-ready brief. The packet covers SOX controls, evidence collection, workflow approvals, and audit trails. Include key decisions, unresolved risks, evidence gaps, and recommended next actions. Make the output detailed enough for executive, technical, legal, and operating stakeholders. Scenario variant 2: emphasize risk quantification.",SYNTHETIC,summarisation,True,0.75,1.0,1.0,1.0,0.75,0.8875,T3,high,,"[""regulatory_compliance"", ""system_integration""]",,False,Phase2-style T3 prompt for regulatory reporting automation,,,AUGMENTED_T3,,,aug_v3
aug_v3_t3_093,"Classify the following portfolio items for regulatory reporting automation into risk tiers and investment priorities. Explain the criteria and apply them to examples involving SOX controls, evidence collection, workflow approvals, and audit trails. Make the output detailed enough for executive, technical, legal, and operating stakeholders. Scenario variant 3: emphasize vendor tradeoffs.",STRATEGIC,classification,True,1.0,1.0,1.0,1.0,1.0,1.0,T3,high,,"[""regulatory_compliance"", ""system_integration""]",,False,Phase2-style T3 prompt for regulatory reporting automation,,,AUGMENTED_T3,,,aug_v3
aug_v3_t3_094,"Generate SPARQL queries for a knowledge graph about regulatory reporting automation. The ontology includes vendors, controls, risks, systems, owners, and evidence related to SOX controls, evidence collection, workflow approvals, and audit trails. Include prefixes and explain each query. Make the output detailed enough for executive, technical, legal, and operating stakeholders. Scenario variant 4: emphasize timeline sequencing.",STRATEGIC,sparql_generation,True,1.0,0.75,1.0,0.75,1.0,0.9125,T3,high,,"[""regulatory_compliance"", ""system_integration""]",,False,Phase2-style T3 prompt for regulatory reporting automation,,,AUGMENTED_T3,,,aug_v3
aug_v3_t3_095,"Create a complete implementation package for regulatory reporting automation. It must include an executive summary, target-state architecture, operating model, roadmap, RACI, risk register, and migration plan covering SOX controls, evidence collection, workflow approvals, and audit trails. Make the output detailed enough for executive, technical, legal, and operating stakeholders. Scenario variant 5: emphasize governance controls.",STRATEGIC,generation,True,1.0,0.75,0.75,1.0,1.0,0.9,T3,high,,"[""regulatory_compliance"", ""system_integration""]",,False,Phase2-style T3 prompt for regulatory reporting automation,,,AUGMENTED_T3,,,aug_v3
aug_v3_t3_096,"Design Python pseudocode and SQL validation checks for regulatory reporting automation. The solution must process governance evidence, score risk, generate audit-ready reports, and handle edge cases involving SOX controls, evidence collection, workflow approvals, and audit trails. Make the output detailed enough for executive, technical, legal, and operating stakeholders. Scenario variant 6: emphasize operating model.",STRATEGIC,coding,True,1.0,1.0,0.75,1.0,0.75,0.925,T3,high,,"[""regulatory_compliance"", ""system_integration""]",,False,Phase2-style T3 prompt for regulatory reporting automation,,,AUGMENTED_T3,,,aug_v3
aug_v3_t3_097,"Reformat the raw policy notes for regulatory reporting automation into a strict JSON schema plus a markdown executive summary. Preserve all controls, exceptions, owners, dates, and evidence fields related to SOX controls, evidence collection, workflow approvals, and audit trails. Make the output detailed enough for executive, technical, legal, and operating stakeholders. Scenario variant 7: emphasize risk quantification.",SYNTHETIC,formatting,True,0.75,1.0,1.0,1.0,0.75,0.8875,T3,high,,"[""regulatory_compliance"", ""system_integration""]",,False,Phase2-style T3 prompt for regulatory reporting automation,,,AUGMENTED_T3,,,aug_v3
aug_v3_t3_098,"Design a strategic recommendation for regulatory reporting automation. The board needs a decision memo that synthesizes SOX controls, evidence collection, workflow approvals, and audit trails. Include options, tradeoffs, phased risks, success metrics, and a final recommendation. Make the output detailed enough for executive, technical, legal, and operating stakeholders. Scenario variant 8: emphasize vendor tradeoffs.",STRATEGIC,reasoning,True,1.0,1.0,1.0,1.0,1.0,1.0,T3,high,,"[""regulatory_compliance"", ""system_integration""]",,False,Phase2-style T3 prompt for regulatory reporting automation,,,AUGMENTED_T3,,,aug_v3
aug_v3_t3_099,"Summarize the attached executive packet for regulatory reporting automation, then turn it into a board-ready brief. The packet covers SOX controls, evidence collection, workflow approvals, and audit trails. Include key decisions, unresolved risks, evidence gaps, and recommended next actions. Make the output detailed enough for executive, technical, legal, and operating stakeholders. Scenario variant 9: emphasize timeline sequencing.",STRATEGIC,summarisation,True,1.0,0.75,1.0,0.75,1.0,0.9125,T3,high,,"[""regulatory_compliance"", ""system_integration""]",,False,Phase2-style T3 prompt for regulatory reporting automation,,,AUGMENTED_T3,,,aug_v3
aug_v3_t3_100,"Classify the following portfolio items for regulatory reporting automation into risk tiers and investment priorities. Explain the criteria and apply them to examples involving SOX controls, evidence collection, workflow approvals, and audit trails. Make the output detailed enough for executive, technical, legal, and operating stakeholders. Scenario variant 10: emphasize governance controls.",STRATEGIC,classification,True,1.0,0.75,0.75,1.0,1.0,0.9,T3,high,,"[""regulatory_compliance"", ""system_integration""]",,False,Phase2-style T3 prompt for regulatory reporting automation,,,AUGMENTED_T3,,,aug_v3
aug_v3_boundary_t2_001,"Analyze cloud cost anomaly review. Use the provided context about AWS spend, unused EBS volumes, and simple owner follow-up. Give a structured recommendation with assumptions, risks, and next steps. Case variant 1. Keep the scope limited to the current team and avoid external market research.",SYNTHETIC,generation,True,0.75,0.75,0.75,0.25,0.5,0.65,T2,medium,,"[""external_research""]",,False,T2 boundary case for cloud cost anomaly review,,,AUGMENTED_BOUNDARY_T2,,,aug_v3
aug_v3_boundary_t3_001,"Analyze cloud cost anomaly review. Use the provided context about AWS spend, unused EBS volumes, and simple owner follow-up. Give a structured recommendation with assumptions, risks, and next steps. Case variant 1. Include current external benchmarks, vendor guidance, regulatory implications, and a cross-functional rollout plan.",SYNTHETIC,generation,True,0.75,0.75,0.75,0.75,0.5,0.725,T3,high,,"[""finops"", ""cloud_infrastructure""]",,False,T3 boundary case for cloud cost anomaly review,,,AUGMENTED_BOUNDARY_T3,,,aug_v3
aug_v3_boundary_t2_002,"Analyze cloud cost anomaly review. Use the provided context about AWS spend, unused EBS volumes, and simple owner follow-up. Give a structured recommendation with assumptions, risks, and next steps. Case variant 2. Keep the scope limited to the current team and avoid external market research.",SYNTHETIC,reasoning,True,0.75,0.75,0.75,0.25,0.5,0.65,T2,medium,,"[""external_research""]",,False,T2 boundary case for cloud cost anomaly review,,,AUGMENTED_BOUNDARY_T2,,,aug_v3
aug_v3_boundary_t3_002,"Analyze cloud cost anomaly review. Use the provided context about AWS spend, unused EBS volumes, and simple owner follow-up. Give a structured recommendation with assumptions, risks, and next steps. Case variant 2. Include current external benchmarks, vendor guidance, regulatory implications, and a cross-functional rollout plan.",SYNTHETIC,reasoning,True,0.75,0.75,0.75,0.75,0.5,0.725,T3,high,,"[""finops"", ""cloud_infrastructure""]",,False,T3 boundary case for cloud cost anomaly review,,,AUGMENTED_BOUNDARY_T3,,,aug_v3
aug_v3_boundary_t2_003,"Analyze cloud cost anomaly review. Use the provided context about AWS spend, unused EBS volumes, and simple owner follow-up. Give a structured recommendation with assumptions, risks, and next steps. Case variant 3. Keep the scope limited to the current team and avoid external market research.",SYNTHETIC,generation,True,0.75,0.75,0.75,0.25,0.5,0.65,T2,medium,,"[""external_research""]",,False,T2 boundary case for cloud cost anomaly review,,,AUGMENTED_BOUNDARY_T2,,,aug_v3
aug_v3_boundary_t3_003,"Analyze cloud cost anomaly review. Use the provided context about AWS spend, unused EBS volumes, and simple owner follow-up. Give a structured recommendation with assumptions, risks, and next steps. Case variant 3. Include current external benchmarks, vendor guidance, regulatory implications, and a cross-functional rollout plan.",SYNTHETIC,generation,True,0.75,0.75,0.75,0.75,0.5,0.725,T3,high,,"[""finops"", ""cloud_infrastructure""]",,False,T3 boundary case for cloud cost anomaly review,,,AUGMENTED_BOUNDARY_T3,,,aug_v3
aug_v3_boundary_t2_004,"Analyze vendor security exception. Use the provided context about SOC 2 gap, compensating controls, and renewal decision. Give a structured recommendation with assumptions, risks, and next steps. Case variant 1. Keep the scope limited to the current team and avoid external market research.",SYNTHETIC,generation,True,0.75,0.75,0.75,0.25,0.5,0.65,T2,medium,,"[""external_research""]",,False,T2 boundary case for vendor security exception,,,AUGMENTED_BOUNDARY_T2,,,aug_v3
aug_v3_boundary_t3_004,"Analyze vendor security exception. Use the provided context about SOC 2 gap, compensating controls, and renewal decision. Give a structured recommendation with assumptions, risks, and next steps. Case variant 1. Include current external benchmarks, vendor guidance, regulatory implications, and a cross-functional rollout plan.",SYNTHETIC,generation,True,0.75,0.75,0.75,0.75,0.5,0.725,T3,high,,"[""security"", ""vendor_analysis""]",,False,T3 boundary case for vendor security exception,,,AUGMENTED_BOUNDARY_T3,,,aug_v3
aug_v3_boundary_t2_005,"Analyze vendor security exception. Use the provided context about SOC 2 gap, compensating controls, and renewal decision. Give a structured recommendation with assumptions, risks, and next steps. Case variant 2. Keep the scope limited to the current team and avoid external market research.",SYNTHETIC,reasoning,True,0.75,0.75,0.75,0.25,0.5,0.65,T2,medium,,"[""external_research""]",,False,T2 boundary case for vendor security exception,,,AUGMENTED_BOUNDARY_T2,,,aug_v3
aug_v3_boundary_t3_005,"Analyze vendor security exception. Use the provided context about SOC 2 gap, compensating controls, and renewal decision. Give a structured recommendation with assumptions, risks, and next steps. Case variant 2. Include current external benchmarks, vendor guidance, regulatory implications, and a cross-functional rollout plan.",SYNTHETIC,reasoning,True,0.75,0.75,0.75,0.75,0.5,0.725,T3,high,,"[""security"", ""vendor_analysis""]",,False,T3 boundary case for vendor security exception,,,AUGMENTED_BOUNDARY_T3,,,aug_v3
aug_v3_boundary_t2_006,"Analyze vendor security exception. Use the provided context about SOC 2 gap, compensating controls, and renewal decision. Give a structured recommendation with assumptions, risks, and next steps. Case variant 3. Keep the scope limited to the current team and avoid external market research.",SYNTHETIC,generation,True,0.75,0.75,0.75,0.25,0.5,0.65,T2,medium,,"[""external_research""]",,False,T2 boundary case for vendor security exception,,,AUGMENTED_BOUNDARY_T2,,,aug_v3
aug_v3_boundary_t3_006,"Analyze vendor security exception. Use the provided context about SOC 2 gap, compensating controls, and renewal decision. Give a structured recommendation with assumptions, risks, and next steps. Case variant 3. Include current external benchmarks, vendor guidance, regulatory implications, and a cross-functional rollout plan.",SYNTHETIC,generation,True,0.75,0.75,0.75,0.75,0.5,0.725,T3,high,,"[""security"", ""vendor_analysis""]",,False,T3 boundary case for vendor security exception,,,AUGMENTED_BOUNDARY_T3,,,aug_v3
aug_v3_boundary_t2_007,"Analyze data pipeline reliability. Use the provided context about late-arriving events, dashboard SLAs, and owner escalation. Give a structured recommendation with assumptions, risks, and next steps. Case variant 1. Keep the scope limited to the current team and avoid external market research.",SYNTHETIC,generation,True,0.75,0.75,0.75,0.25,0.5,0.65,T2,medium,,"[""external_research""]",,False,T2 boundary case for data pipeline reliability,,,AUGMENTED_BOUNDARY_T2,,,aug_v3
aug_v3_boundary_t3_007,"Analyze data pipeline reliability. Use the provided context about late-arriving events, dashboard SLAs, and owner escalation. Give a structured recommendation with assumptions, risks, and next steps. Case variant 1. Include current external benchmarks, vendor guidance, regulatory implications, and a cross-functional rollout plan.",SYNTHETIC,generation,True,0.75,0.75,0.75,0.75,0.5,0.725,T3,high,,"[""data_engineering""]",,False,T3 boundary case for data pipeline reliability,,,AUGMENTED_BOUNDARY_T3,,,aug_v3
aug_v3_boundary_t2_008,"Analyze data pipeline reliability. Use the provided context about late-arriving events, dashboard SLAs, and owner escalation. Give a structured recommendation with assumptions, risks, and next steps. Case variant 2. Keep the scope limited to the current team and avoid external market research.",SYNTHETIC,reasoning,True,0.75,0.75,0.75,0.25,0.5,0.65,T2,medium,,"[""external_research""]",,False,T2 boundary case for data pipeline reliability,,,AUGMENTED_BOUNDARY_T2,,,aug_v3
aug_v3_boundary_t3_008,"Analyze data pipeline reliability. Use the provided context about late-arriving events, dashboard SLAs, and owner escalation. Give a structured recommendation with assumptions, risks, and next steps. Case variant 2. Include current external benchmarks, vendor guidance, regulatory implications, and a cross-functional rollout plan.",SYNTHETIC,reasoning,True,0.75,0.75,0.75,0.75,0.5,0.725,T3,high,,"[""data_engineering""]",,False,T3 boundary case for data pipeline reliability,,,AUGMENTED_BOUNDARY_T3,,,aug_v3
aug_v3_boundary_t2_009,"Analyze data pipeline reliability. Use the provided context about late-arriving events, dashboard SLAs, and owner escalation. Give a structured recommendation with assumptions, risks, and next steps. Case variant 3. Keep the scope limited to the current team and avoid external market research.",SYNTHETIC,generation,True,0.75,0.75,0.75,0.25,0.5,0.65,T2,medium,,"[""external_research""]",,False,T2 boundary case for data pipeline reliability,,,AUGMENTED_BOUNDARY_T2,,,aug_v3
aug_v3_boundary_t3_009,"Analyze data pipeline reliability. Use the provided context about late-arriving events, dashboard SLAs, and owner escalation. Give a structured recommendation with assumptions, risks, and next steps. Case variant 3. Include current external benchmarks, vendor guidance, regulatory implications, and a cross-functional rollout plan.",SYNTHETIC,generation,True,0.75,0.75,0.75,0.75,0.5,0.725,T3,high,,"[""data_engineering""]",,False,T3 boundary case for data pipeline reliability,,,AUGMENTED_BOUNDARY_T3,,,aug_v3
aug_v3_boundary_t2_010,"Analyze HR AI screening workflow. Use the provided context about bias monitoring, appeal routing, and regional policy. Give a structured recommendation with assumptions, risks, and next steps. Case variant 1. Keep the scope limited to the current team and avoid external market research.",SYNTHETIC,generation,True,0.75,0.75,0.75,0.25,0.5,0.65,T2,medium,,"[""external_research""]",,False,T2 boundary case for HR AI screening workflow,,,AUGMENTED_BOUNDARY_T2,,,aug_v3
aug_v3_boundary_t3_010,"Analyze HR AI screening workflow. Use the provided context about bias monitoring, appeal routing, and regional policy. Give a structured recommendation with assumptions, risks, and next steps. Case variant 1. Include current external benchmarks, vendor guidance, regulatory implications, and a cross-functional rollout plan.",SYNTHETIC,generation,True,0.75,0.75,0.75,0.75,0.5,0.725,T3,high,,"[""hr_tech"", ""ai_governance""]",,False,T3 boundary case for HR AI screening workflow,,,AUGMENTED_BOUNDARY_T3,,,aug_v3
aug_v3_boundary_t2_011,"Analyze HR AI screening workflow. Use the provided context about bias monitoring, appeal routing, and regional policy. Give a structured recommendation with assumptions, risks, and next steps. Case variant 2. Keep the scope limited to the current team and avoid external market research.",SYNTHETIC,reasoning,True,0.75,0.75,0.75,0.25,0.5,0.65,T2,medium,,"[""external_research""]",,False,T2 boundary case for HR AI screening workflow,,,AUGMENTED_BOUNDARY_T2,,,aug_v3
aug_v3_boundary_t3_011,"Analyze HR AI screening workflow. Use the provided context about bias monitoring, appeal routing, and regional policy. Give a structured recommendation with assumptions, risks, and next steps. Case variant 2. Include current external benchmarks, vendor guidance, regulatory implications, and a cross-functional rollout plan.",SYNTHETIC,reasoning,True,0.75,0.75,0.75,0.75,0.5,0.725,T3,high,,"[""hr_tech"", ""ai_governance""]",,False,T3 boundary case for HR AI screening workflow,,,AUGMENTED_BOUNDARY_T3,,,aug_v3
aug_v3_boundary_t2_012,"Analyze HR AI screening workflow. Use the provided context about bias monitoring, appeal routing, and regional policy. Give a structured recommendation with assumptions, risks, and next steps. Case variant 3. Keep the scope limited to the current team and avoid external market research.",SYNTHETIC,generation,True,0.75,0.75,0.75,0.25,0.5,0.65,T2,medium,,"[""external_research""]",,False,T2 boundary case for HR AI screening workflow,,,AUGMENTED_BOUNDARY_T2,,,aug_v3
aug_v3_boundary_t3_012,"Analyze HR AI screening workflow. Use the provided context about bias monitoring, appeal routing, and regional policy. Give a structured recommendation with assumptions, risks, and next steps. Case variant 3. Include current external benchmarks, vendor guidance, regulatory implications, and a cross-functional rollout plan.",SYNTHETIC,generation,True,0.75,0.75,0.75,0.75,0.5,0.725,T3,high,,"[""hr_tech"", ""ai_governance""]",,False,T3 boundary case for HR AI screening workflow,,,AUGMENTED_BOUNDARY_T3,,,aug_v3
aug_v3_boundary_t2_013,"Analyze supply chain dashboard. Use the provided context about supplier delays, logistics alerts, and inventory thresholds. Give a structured recommendation with assumptions, risks, and next steps. Case variant 1. Keep the scope limited to the current team and avoid external market research.",SYNTHETIC,generation,True,0.75,0.75,0.75,0.25,0.5,0.65,T2,medium,,"[""external_research""]",,False,T2 boundary case for supply chain dashboard,,,AUGMENTED_BOUNDARY_T2,,,aug_v3
aug_v3_boundary_t3_013,"Analyze supply chain dashboard. Use the provided context about supplier delays, logistics alerts, and inventory thresholds. Give a structured recommendation with assumptions, risks, and next steps. Case variant 1. Include current external benchmarks, vendor guidance, regulatory implications, and a cross-functional rollout plan.",SYNTHETIC,generation,True,0.75,0.75,0.75,0.75,0.5,0.725,T3,high,,"[""supply_chain""]",,False,T3 boundary case for supply chain dashboard,,,AUGMENTED_BOUNDARY_T3,,,aug_v3
aug_v3_boundary_t2_014,"Analyze supply chain dashboard. Use the provided context about supplier delays, logistics alerts, and inventory thresholds. Give a structured recommendation with assumptions, risks, and next steps. Case variant 2. Keep the scope limited to the current team and avoid external market research.",SYNTHETIC,reasoning,True,0.75,0.75,0.75,0.25,0.5,0.65,T2,medium,,"[""external_research""]",,False,T2 boundary case for supply chain dashboard,,,AUGMENTED_BOUNDARY_T2,,,aug_v3
aug_v3_boundary_t3_014,"Analyze supply chain dashboard. Use the provided context about supplier delays, logistics alerts, and inventory thresholds. Give a structured recommendation with assumptions, risks, and next steps. Case variant 2. Include current external benchmarks, vendor guidance, regulatory implications, and a cross-functional rollout plan.",SYNTHETIC,reasoning,True,0.75,0.75,0.75,0.75,0.5,0.725,T3,high,,"[""supply_chain""]",,False,T3 boundary case for supply chain dashboard,,,AUGMENTED_BOUNDARY_T3,,,aug_v3
aug_v3_boundary_t2_015,"Analyze supply chain dashboard. Use the provided context about supplier delays, logistics alerts, and inventory thresholds. Give a structured recommendation with assumptions, risks, and next steps. Case variant 3. Keep the scope limited to the current team and avoid external market research.",SYNTHETIC,generation,True,0.75,0.75,0.75,0.25,0.5,0.65,T2,medium,,"[""external_research""]",,False,T2 boundary case for supply chain dashboard,,,AUGMENTED_BOUNDARY_T2,,,aug_v3
aug_v3_boundary_t3_015,"Analyze supply chain dashboard. Use the provided context about supplier delays, logistics alerts, and inventory thresholds. Give a structured recommendation with assumptions, risks, and next steps. Case variant 3. Include current external benchmarks, vendor guidance, regulatory implications, and a cross-functional rollout plan.",SYNTHETIC,generation,True,0.75,0.75,0.75,0.75,0.5,0.725,T3,high,,"[""supply_chain""]",,False,T3 boundary case for supply chain dashboard,,,AUGMENTED_BOUNDARY_T3,,,aug_v3
aug_v3_boundary_t2_016,"Analyze DevOps release governance. Use the provided context about failed deployments, rollback policy, and SRE escalation. Give a structured recommendation with assumptions, risks, and next steps. Case variant 1. Keep the scope limited to the current team and avoid external market research.",SYNTHETIC,generation,True,0.75,0.75,0.75,0.25,0.5,0.65,T2,medium,,"[""external_research""]",,False,T2 boundary case for DevOps release governance,,,AUGMENTED_BOUNDARY_T2,,,aug_v3
aug_v3_boundary_t3_016,"Analyze DevOps release governance. Use the provided context about failed deployments, rollback policy, and SRE escalation. Give a structured recommendation with assumptions, risks, and next steps. Case variant 1. Include current external benchmarks, vendor guidance, regulatory implications, and a cross-functional rollout plan.",SYNTHETIC,generation,True,0.75,0.75,0.75,0.75,0.5,0.725,T3,high,,"[""devops""]",,False,T3 boundary case for DevOps release governance,,,AUGMENTED_BOUNDARY_T3,,,aug_v3
aug_v3_boundary_t2_017,"Analyze DevOps release governance. Use the provided context about failed deployments, rollback policy, and SRE escalation. Give a structured recommendation with assumptions, risks, and next steps. Case variant 2. Keep the scope limited to the current team and avoid external market research.",SYNTHETIC,reasoning,True,0.75,0.75,0.75,0.25,0.5,0.65,T2,medium,,"[""external_research""]",,False,T2 boundary case for DevOps release governance,,,AUGMENTED_BOUNDARY_T2,,,aug_v3
aug_v3_boundary_t3_017,"Analyze DevOps release governance. Use the provided context about failed deployments, rollback policy, and SRE escalation. Give a structured recommendation with assumptions, risks, and next steps. Case variant 2. Include current external benchmarks, vendor guidance, regulatory implications, and a cross-functional rollout plan.",SYNTHETIC,reasoning,True,0.75,0.75,0.75,0.75,0.5,0.725,T3,high,,"[""devops""]",,False,T3 boundary case for DevOps release governance,,,AUGMENTED_BOUNDARY_T3,,,aug_v3
aug_v3_boundary_t2_018,"Analyze DevOps release governance. Use the provided context about failed deployments, rollback policy, and SRE escalation. Give a structured recommendation with assumptions, risks, and next steps. Case variant 3. Keep the scope limited to the current team and avoid external market research.",SYNTHETIC,generation,True,0.75,0.75,0.75,0.25,0.5,0.65,T2,medium,,"[""external_research""]",,False,T2 boundary case for DevOps release governance,,,AUGMENTED_BOUNDARY_T2,,,aug_v3
aug_v3_boundary_t3_018,"Analyze DevOps release governance. Use the provided context about failed deployments, rollback policy, and SRE escalation. Give a structured recommendation with assumptions, risks, and next steps. Case variant 3. Include current external benchmarks, vendor guidance, regulatory implications, and a cross-functional rollout plan.",SYNTHETIC,generation,True,0.75,0.75,0.75,0.75,0.5,0.725,T3,high,,"[""devops""]",,False,T3 boundary case for DevOps release governance,,,AUGMENTED_BOUNDARY_T3,,,aug_v3
aug_v3_boundary_t2_019,"Analyze customer support GenAI. Use the provided context about retention policy, hallucination reports, and quality review. Give a structured recommendation with assumptions, risks, and next steps. Case variant 1. Keep the scope limited to the current team and avoid external market research.",SYNTHETIC,generation,True,0.75,0.75,0.75,0.25,0.5,0.65,T2,medium,,"[""external_research""]",,False,T2 boundary case for customer support GenAI,,,AUGMENTED_BOUNDARY_T2,,,aug_v3
aug_v3_boundary_t3_019,"Analyze customer support GenAI. Use the provided context about retention policy, hallucination reports, and quality review. Give a structured recommendation with assumptions, risks, and next steps. Case variant 1. Include current external benchmarks, vendor guidance, regulatory implications, and a cross-functional rollout plan.",SYNTHETIC,generation,True,0.75,0.75,0.75,0.75,0.5,0.725,T3,high,,"[""ai_governance"", ""security""]",,False,T3 boundary case for customer support GenAI,,,AUGMENTED_BOUNDARY_T3,,,aug_v3
aug_v3_boundary_t2_020,"Analyze customer support GenAI. Use the provided context about retention policy, hallucination reports, and quality review. Give a structured recommendation with assumptions, risks, and next steps. Case variant 2. Keep the scope limited to the current team and avoid external market research.",SYNTHETIC,reasoning,True,0.75,0.75,0.75,0.25,0.5,0.65,T2,medium,,"[""external_research""]",,False,T2 boundary case for customer support GenAI,,,AUGMENTED_BOUNDARY_T2,,,aug_v3
aug_v3_boundary_t3_020,"Analyze customer support GenAI. Use the provided context about retention policy, hallucination reports, and quality review. Give a structured recommendation with assumptions, risks, and next steps. Case variant 2. Include current external benchmarks, vendor guidance, regulatory implications, and a cross-functional rollout plan.",SYNTHETIC,reasoning,True,0.75,0.75,0.75,0.75,0.5,0.725,T3,high,,"[""ai_governance"", ""security""]",,False,T3 boundary case for customer support GenAI,,,AUGMENTED_BOUNDARY_T3,,,aug_v3
aug_v3_boundary_t2_021,"Analyze customer support GenAI. Use the provided context about retention policy, hallucination reports, and quality review. Give a structured recommendation with assumptions, risks, and next steps. Case variant 3. Keep the scope limited to the current team and avoid external market research.",SYNTHETIC,generation,True,0.75,0.75,0.75,0.25,0.5,0.65,T2,medium,,"[""external_research""]",,False,T2 boundary case for customer support GenAI,,,AUGMENTED_BOUNDARY_T2,,,aug_v3
aug_v3_boundary_t3_021,"Analyze customer support GenAI. Use the provided context about retention policy, hallucination reports, and quality review. Give a structured recommendation with assumptions, risks, and next steps. Case variant 3. Include current external benchmarks, vendor guidance, regulatory implications, and a cross-functional rollout plan.",SYNTHETIC,generation,True,0.75,0.75,0.75,0.75,0.5,0.725,T3,high,,"[""ai_governance"", ""security""]",,False,T3 boundary case for customer support GenAI,,,AUGMENTED_BOUNDARY_T3,,,aug_v3
aug_v3_boundary_t2_022,"Analyze API integration migration. Use the provided context about MuleSoft mappings, SAP records, and retry handling. Give a structured recommendation with assumptions, risks, and next steps. Case variant 1. Keep the scope limited to the current team and avoid external market research.",SYNTHETIC,generation,True,0.75,0.75,0.75,0.25,0.5,0.65,T2,medium,,"[""external_research""]",,False,T2 boundary case for API integration migration,,,AUGMENTED_BOUNDARY_T2,,,aug_v3
aug_v3_boundary_t3_022,"Analyze API integration migration. Use the provided context about MuleSoft mappings, SAP records, and retry handling. Give a structured recommendation with assumptions, risks, and next steps. Case variant 1. Include current external benchmarks, vendor guidance, regulatory implications, and a cross-functional rollout plan.",SYNTHETIC,generation,True,0.75,0.75,0.75,0.75,0.5,0.725,T3,high,,"[""system_integration""]",,False,T3 boundary case for API integration migration,,,AUGMENTED_BOUNDARY_T3,,,aug_v3
aug_v3_boundary_t2_023,"Analyze API integration migration. Use the provided context about MuleSoft mappings, SAP records, and retry handling. Give a structured recommendation with assumptions, risks, and next steps. Case variant 2. Keep the scope limited to the current team and avoid external market research.",SYNTHETIC,reasoning,True,0.75,0.75,0.75,0.25,0.5,0.65,T2,medium,,"[""external_research""]",,False,T2 boundary case for API integration migration,,,AUGMENTED_BOUNDARY_T2,,,aug_v3
aug_v3_boundary_t3_023,"Analyze API integration migration. Use the provided context about MuleSoft mappings, SAP records, and retry handling. Give a structured recommendation with assumptions, risks, and next steps. Case variant 2. Include current external benchmarks, vendor guidance, regulatory implications, and a cross-functional rollout plan.",SYNTHETIC,reasoning,True,0.75,0.75,0.75,0.75,0.5,0.725,T3,high,,"[""system_integration""]",,False,T3 boundary case for API integration migration,,,AUGMENTED_BOUNDARY_T3,,,aug_v3
aug_v3_boundary_t2_024,"Analyze API integration migration. Use the provided context about MuleSoft mappings, SAP records, and retry handling. Give a structured recommendation with assumptions, risks, and next steps. Case variant 3. Keep the scope limited to the current team and avoid external market research.",SYNTHETIC,generation,True,0.75,0.75,0.75,0.25,0.5,0.65,T2,medium,,"[""external_research""]",,False,T2 boundary case for API integration migration,,,AUGMENTED_BOUNDARY_T2,,,aug_v3
aug_v3_boundary_t3_024,"Analyze API integration migration. Use the provided context about MuleSoft mappings, SAP records, and retry handling. Give a structured recommendation with assumptions, risks, and next steps. Case variant 3. Include current external benchmarks, vendor guidance, regulatory implications, and a cross-functional rollout plan.",SYNTHETIC,generation,True,0.75,0.75,0.75,0.75,0.5,0.725,T3,high,,"[""system_integration""]",,False,T3 boundary case for API integration migration,,,AUGMENTED_BOUNDARY_T3,,,aug_v3
aug_v3_boundary_t2_025,"Analyze market entry comparison. Use the provided context about pricing signals, competitors, and channel assumptions. Give a structured recommendation with assumptions, risks, and next steps. Case variant 1. Keep the scope limited to the current team and avoid external market research.",SYNTHETIC,generation,True,0.75,0.75,0.75,0.25,0.5,0.65,T2,medium,,"[""external_research""]",,False,T2 boundary case for market entry comparison,,,AUGMENTED_BOUNDARY_T2,,,aug_v3
aug_v3_boundary_t3_025,"Analyze market entry comparison. Use the provided context about pricing signals, competitors, and channel assumptions. Give a structured recommendation with assumptions, risks, and next steps. Case variant 1. Include current external benchmarks, vendor guidance, regulatory implications, and a cross-functional rollout plan.",SYNTHETIC,generation,True,0.75,0.75,0.75,0.75,0.5,0.725,T3,high,,"[""market_research"", ""competitive_analysis""]",,False,T3 boundary case for market entry comparison,,,AUGMENTED_BOUNDARY_T3,,,aug_v3
aug_v3_boundary_t2_026,"Analyze market entry comparison. Use the provided context about pricing signals, competitors, and channel assumptions. Give a structured recommendation with assumptions, risks, and next steps. Case variant 2. Keep the scope limited to the current team and avoid external market research.",SYNTHETIC,reasoning,True,0.75,0.75,0.75,0.25,0.5,0.65,T2,medium,,"[""external_research""]",,False,T2 boundary case for market entry comparison,,,AUGMENTED_BOUNDARY_T2,,,aug_v3
aug_v3_boundary_t3_026,"Analyze market entry comparison. Use the provided context about pricing signals, competitors, and channel assumptions. Give a structured recommendation with assumptions, risks, and next steps. Case variant 2. Include current external benchmarks, vendor guidance, regulatory implications, and a cross-functional rollout plan.",SYNTHETIC,reasoning,True,0.75,0.75,0.75,0.75,0.5,0.725,T3,high,,"[""market_research"", ""competitive_analysis""]",,False,T3 boundary case for market entry comparison,,,AUGMENTED_BOUNDARY_T3,,,aug_v3
aug_v3_boundary_t2_027,"Analyze market entry comparison. Use the provided context about pricing signals, competitors, and channel assumptions. Give a structured recommendation with assumptions, risks, and next steps. Case variant 3. Keep the scope limited to the current team and avoid external market research.",SYNTHETIC,generation,True,0.75,0.75,0.75,0.25,0.5,0.65,T2,medium,,"[""external_research""]",,False,T2 boundary case for market entry comparison,,,AUGMENTED_BOUNDARY_T2,,,aug_v3
aug_v3_boundary_t3_027,"Analyze market entry comparison. Use the provided context about pricing signals, competitors, and channel assumptions. Give a structured recommendation with assumptions, risks, and next steps. Case variant 3. Include current external benchmarks, vendor guidance, regulatory implications, and a cross-functional rollout plan.",SYNTHETIC,generation,True,0.75,0.75,0.75,0.75,0.5,0.725,T3,high,,"[""market_research"", ""competitive_analysis""]",,False,T3 boundary case for market entry comparison,,,AUGMENTED_BOUNDARY_T3,,,aug_v3
aug_v3_boundary_t2_028,"Analyze audit evidence workflow. Use the provided context about SOX evidence, control owners, and exception aging. Give a structured recommendation with assumptions, risks, and next steps. Case variant 1. Keep the scope limited to the current team and avoid external market research.",SYNTHETIC,generation,True,0.75,0.75,0.75,0.25,0.5,0.65,T2,medium,,"[""external_research""]",,False,T2 boundary case for audit evidence workflow,,,AUGMENTED_BOUNDARY_T2,,,aug_v3
aug_v3_boundary_t3_028,"Analyze audit evidence workflow. Use the provided context about SOX evidence, control owners, and exception aging. Give a structured recommendation with assumptions, risks, and next steps. Case variant 1. Include current external benchmarks, vendor guidance, regulatory implications, and a cross-functional rollout plan.",SYNTHETIC,generation,True,0.75,0.75,0.75,0.75,0.5,0.725,T3,high,,"[""regulatory_compliance""]",,False,T3 boundary case for audit evidence workflow,,,AUGMENTED_BOUNDARY_T3,,,aug_v3
aug_v3_boundary_t2_029,"Analyze audit evidence workflow. Use the provided context about SOX evidence, control owners, and exception aging. Give a structured recommendation with assumptions, risks, and next steps. Case variant 2. Keep the scope limited to the current team and avoid external market research.",SYNTHETIC,reasoning,True,0.75,0.75,0.75,0.25,0.5,0.65,T2,medium,,"[""external_research""]",,False,T2 boundary case for audit evidence workflow,,,AUGMENTED_BOUNDARY_T2,,,aug_v3
aug_v3_boundary_t3_029,"Analyze audit evidence workflow. Use the provided context about SOX evidence, control owners, and exception aging. Give a structured recommendation with assumptions, risks, and next steps. Case variant 2. Include current external benchmarks, vendor guidance, regulatory implications, and a cross-functional rollout plan.",SYNTHETIC,reasoning,True,0.75,0.75,0.75,0.75,0.5,0.725,T3,high,,"[""regulatory_compliance""]",,False,T3 boundary case for audit evidence workflow,,,AUGMENTED_BOUNDARY_T3,,,aug_v3
aug_v3_boundary_t2_030,"Analyze audit evidence workflow. Use the provided context about SOX evidence, control owners, and exception aging. Give a structured recommendation with assumptions, risks, and next steps. Case variant 3. Keep the scope limited to the current team and avoid external market research.",SYNTHETIC,generation,True,0.75,0.75,0.75,0.25,0.5,0.65,T2,medium,,"[""external_research""]",,False,T2 boundary case for audit evidence workflow,,,AUGMENTED_BOUNDARY_T2,,,aug_v3
aug_v3_boundary_t3_030,"Analyze audit evidence workflow. Use the provided context about SOX evidence, control owners, and exception aging. Give a structured recommendation with assumptions, risks, and next steps. Case variant 3. Include current external benchmarks, vendor guidance, regulatory implications, and a cross-functional rollout plan.",SYNTHETIC,generation,True,0.75,0.75,0.75,0.75,0.5,0.725,T3,high,,"[""regulatory_compliance""]",,False,T3 boundary case for audit evidence workflow,,,AUGMENTED_BOUNDARY_T3,,,aug_v3
aug_v3_task_classification_001,"Classify each support ticket as billing, technical, security, or account access. Return the label and one-sentence rationale for every item. Context: cloud infrastructure, variant 1. Keep the answer precise and use the requested output structure.",FACTUAL,classification,False,0.25,0.5,0.25,0.0,0.25,0.2625,T1,low,,[],,False,classification coverage example for cloud infrastructure,,,AUGMENTED_CLASSIFICATION,,,aug_v3
aug_v3_task_classification_002,"Classify each support ticket as billing, technical, security, or account access. Return the label and one-sentence rationale for every item. Context: cloud infrastructure, variant 2. Keep the answer precise and use the requested output structure.",FACTUAL,classification,False,0.25,0.5,0.25,0.0,0.25,0.2625,T1,low,,[],,False,classification coverage example for cloud infrastructure,,,AUGMENTED_CLASSIFICATION,,,aug_v3
aug_v3_task_classification_003,"Classify each support ticket as billing, technical, security, or account access. Return the label and one-sentence rationale for every item. Context: cloud infrastructure, variant 3. Keep the answer precise and use the requested output structure.",FACTUAL,classification,False,0.25,0.5,0.25,0.0,0.25,0.2625,T1,low,,[],,False,classification coverage example for cloud infrastructure,,,AUGMENTED_CLASSIFICATION,,,aug_v3
aug_v3_task_classification_004,"Classify each support ticket as billing, technical, security, or account access. Return the label and one-sentence rationale for every item. Context: cloud infrastructure, variant 4. Keep the answer precise and use the requested output structure.",FACTUAL,classification,False,0.25,0.5,0.25,0.0,0.25,0.2625,T1,low,,[],,False,classification coverage example for cloud infrastructure,,,AUGMENTED_CLASSIFICATION,,,aug_v3
aug_v3_task_classification_005,"Classify each support ticket as billing, technical, security, or account access. Return the label and one-sentence rationale for every item. Context: cloud infrastructure, variant 5. Keep the answer precise and use the requested output structure.",FACTUAL,classification,False,0.25,0.5,0.25,0.0,0.25,0.2625,T1,low,,[],,False,classification coverage example for cloud infrastructure,,,AUGMENTED_CLASSIFICATION,,,aug_v3
aug_v3_task_classification_006,"Classify each support ticket as billing, technical, security, or account access. Return the label and one-sentence rationale for every item. Context: customer support, variant 1. Keep the answer precise and use the requested output structure.",FACTUAL,classification,False,0.25,0.5,0.25,0.0,0.25,0.2625,T1,low,,[],,False,classification coverage example for customer support,,,AUGMENTED_CLASSIFICATION,,,aug_v3
aug_v3_task_classification_007,"Classify each support ticket as billing, technical, security, or account access. Return the label and one-sentence rationale for every item. Context: customer support, variant 2. Keep the answer precise and use the requested output structure.",FACTUAL,classification,False,0.25,0.5,0.25,0.0,0.25,0.2625,T1,low,,[],,False,classification coverage example for customer support,,,AUGMENTED_CLASSIFICATION,,,aug_v3
aug_v3_task_classification_008,"Classify each support ticket as billing, technical, security, or account access. Return the label and one-sentence rationale for every item. Context: customer support, variant 3. Keep the answer precise and use the requested output structure.",FACTUAL,classification,False,0.25,0.5,0.25,0.0,0.25,0.2625,T1,low,,[],,False,classification coverage example for customer support,,,AUGMENTED_CLASSIFICATION,,,aug_v3
aug_v3_task_classification_009,"Classify each support ticket as billing, technical, security, or account access. Return the label and one-sentence rationale for every item. Context: customer support, variant 4. Keep the answer precise and use the requested output structure.",FACTUAL,classification,False,0.25,0.5,0.25,0.0,0.25,0.2625,T1,low,,[],,False,classification coverage example for customer support,,,AUGMENTED_CLASSIFICATION,,,aug_v3
aug_v3_task_classification_010,"Classify each support ticket as billing, technical, security, or account access. Return the label and one-sentence rationale for every item. Context: customer support, variant 5. Keep the answer precise and use the requested output structure.",FACTUAL,classification,False,0.25,0.5,0.25,0.0,0.25,0.2625,T1,low,,[],,False,classification coverage example for customer support,,,AUGMENTED_CLASSIFICATION,,,aug_v3
aug_v3_task_classification_011,"Classify each support ticket as billing, technical, security, or account access. Return the label and one-sentence rationale for every item. Context: security operations, variant 1. Keep the answer precise and use the requested output structure.",FACTUAL,classification,False,0.25,0.5,0.25,0.0,0.25,0.2625,T1,low,,[],,False,classification coverage example for security operations,,,AUGMENTED_CLASSIFICATION,,,aug_v3
aug_v3_task_classification_012,"Classify each support ticket as billing, technical, security, or account access. Return the label and one-sentence rationale for every item. Context: security operations, variant 2. Keep the answer precise and use the requested output structure.",FACTUAL,classification,False,0.25,0.5,0.25,0.0,0.25,0.2625,T1,low,,[],,False,classification coverage example for security operations,,,AUGMENTED_CLASSIFICATION,,,aug_v3
aug_v3_task_classification_013,"Classify each support ticket as billing, technical, security, or account access. Return the label and one-sentence rationale for every item. Context: security operations, variant 3. Keep the answer precise and use the requested output structure.",FACTUAL,classification,False,0.25,0.5,0.25,0.0,0.25,0.2625,T1,low,,[],,False,classification coverage example for security operations,,,AUGMENTED_CLASSIFICATION,,,aug_v3
aug_v3_task_classification_014,"Classify each support ticket as billing, technical, security, or account access. Return the label and one-sentence rationale for every item. Context: security operations, variant 4. Keep the answer precise and use the requested output structure.",FACTUAL,classification,False,0.25,0.5,0.25,0.0,0.25,0.2625,T1,low,,[],,False,classification coverage example for security operations,,,AUGMENTED_CLASSIFICATION,,,aug_v3
aug_v3_task_classification_015,"Classify each support ticket as billing, technical, security, or account access. Return the label and one-sentence rationale for every item. Context: security operations, variant 5. Keep the answer precise and use the requested output structure.",FACTUAL,classification,False,0.25,0.5,0.25,0.0,0.25,0.2625,T1,low,,[],,False,classification coverage example for security operations,,,AUGMENTED_CLASSIFICATION,,,aug_v3
aug_v3_task_classification_016,"Classify each support ticket as billing, technical, security, or account access. Return the label and one-sentence rationale for every item. Context: finance operations, variant 1. Keep the answer precise and use the requested output structure.",FACTUAL,classification,False,0.25,0.5,0.25,0.0,0.25,0.2625,T1,low,,[],,False,classification coverage example for finance operations,,,AUGMENTED_CLASSIFICATION,,,aug_v3
aug_v3_task_classification_017,"Classify each support ticket as billing, technical, security, or account access. Return the label and one-sentence rationale for every item. Context: finance operations, variant 2. Keep the answer precise and use the requested output structure.",FACTUAL,classification,False,0.25,0.5,0.25,0.0,0.25,0.2625,T1,low,,[],,False,classification coverage example for finance operations,,,AUGMENTED_CLASSIFICATION,,,aug_v3
aug_v3_task_classification_018,"Classify each support ticket as billing, technical, security, or account access. Return the label and one-sentence rationale for every item. Context: finance operations, variant 3. Keep the answer precise and use the requested output structure.",FACTUAL,classification,False,0.25,0.5,0.25,0.0,0.25,0.2625,T1,low,,[],,False,classification coverage example for finance operations,,,AUGMENTED_CLASSIFICATION,,,aug_v3
aug_v3_task_classification_019,"Classify each support ticket as billing, technical, security, or account access. Return the label and one-sentence rationale for every item. Context: finance operations, variant 4. Keep the answer precise and use the requested output structure.",FACTUAL,classification,False,0.25,0.5,0.25,0.0,0.25,0.2625,T1,low,,[],,False,classification coverage example for finance operations,,,AUGMENTED_CLASSIFICATION,,,aug_v3
aug_v3_task_classification_020,"Classify each support ticket as billing, technical, security, or account access. Return the label and one-sentence rationale for every item. Context: finance operations, variant 5. Keep the answer precise and use the requested output structure.",FACTUAL,classification,False,0.25,0.5,0.25,0.0,0.25,0.2625,T1,low,,[],,False,classification coverage example for finance operations,,,AUGMENTED_CLASSIFICATION,,,aug_v3
aug_v3_task_classification_021,"Classify each support ticket as billing, technical, security, or account access. Return the label and one-sentence rationale for every item. Context: HR workflow, variant 1. Keep the answer precise and use the requested output structure.",FACTUAL,classification,False,0.25,0.5,0.25,0.0,0.25,0.2625,T1,low,,[],,False,classification coverage example for HR workflow,,,AUGMENTED_CLASSIFICATION,,,aug_v3
aug_v3_task_classification_022,"Classify each support ticket as billing, technical, security, or account access. Return the label and one-sentence rationale for every item. Context: HR workflow, variant 2. Keep the answer precise and use the requested output structure.",FACTUAL,classification,False,0.25,0.5,0.25,0.0,0.25,0.2625,T1,low,,[],,False,classification coverage example for HR workflow,,,AUGMENTED_CLASSIFICATION,,,aug_v3
aug_v3_task_classification_023,"Classify each support ticket as billing, technical, security, or account access. Return the label and one-sentence rationale for every item. Context: HR workflow, variant 3. Keep the answer precise and use the requested output structure.",FACTUAL,classification,False,0.25,0.5,0.25,0.0,0.25,0.2625,T1,low,,[],,False,classification coverage example for HR workflow,,,AUGMENTED_CLASSIFICATION,,,aug_v3
aug_v3_task_classification_024,"Classify each support ticket as billing, technical, security, or account access. Return the label and one-sentence rationale for every item. Context: HR workflow, variant 4. Keep the answer precise and use the requested output structure.",FACTUAL,classification,False,0.25,0.5,0.25,0.0,0.25,0.2625,T1,low,,[],,False,classification coverage example for HR workflow,,,AUGMENTED_CLASSIFICATION,,,aug_v3
aug_v3_task_classification_025,"Classify each support ticket as billing, technical, security, or account access. Return the label and one-sentence rationale for every item. Context: HR workflow, variant 5. Keep the answer precise and use the requested output structure.",FACTUAL,classification,False,0.25,0.5,0.25,0.0,0.25,0.2625,T1,low,,[],,False,classification coverage example for HR workflow,,,AUGMENTED_CLASSIFICATION,,,aug_v3
aug_v3_task_classification_026,"Classify each support ticket as billing, technical, security, or account access. Return the label and one-sentence rationale for every item. Context: data governance, variant 1. Keep the answer precise and use the requested output structure.",FACTUAL,classification,False,0.25,0.5,0.25,0.0,0.25,0.2625,T1,low,,[],,False,classification coverage example for data governance,,,AUGMENTED_CLASSIFICATION,,,aug_v3
aug_v3_task_classification_027,"Classify each support ticket as billing, technical, security, or account access. Return the label and one-sentence rationale for every item. Context: data governance, variant 2. Keep the answer precise and use the requested output structure.",FACTUAL,classification,False,0.25,0.5,0.25,0.0,0.25,0.2625,T1,low,,[],,False,classification coverage example for data governance,,,AUGMENTED_CLASSIFICATION,,,aug_v3
aug_v3_task_classification_028,"Classify each support ticket as billing, technical, security, or account access. Return the label and one-sentence rationale for every item. Context: data governance, variant 3. Keep the answer precise and use the requested output structure.",FACTUAL,classification,False,0.25,0.5,0.25,0.0,0.25,0.2625,T1,low,,[],,False,classification coverage example for data governance,,,AUGMENTED_CLASSIFICATION,,,aug_v3
aug_v3_task_classification_029,"Classify each support ticket as billing, technical, security, or account access. Return the label and one-sentence rationale for every item. Context: data governance, variant 4. Keep the answer precise and use the requested output structure.",FACTUAL,classification,False,0.25,0.5,0.25,0.0,0.25,0.2625,T1,low,,[],,False,classification coverage example for data governance,,,AUGMENTED_CLASSIFICATION,,,aug_v3
aug_v3_task_classification_030,"Classify each support ticket as billing, technical, security, or account access. Return the label and one-sentence rationale for every item. Context: data governance, variant 5. Keep the answer precise and use the requested output structure.",FACTUAL,classification,False,0.25,0.5,0.25,0.0,0.25,0.2625,T1,low,,[],,False,classification coverage example for data governance,,,AUGMENTED_CLASSIFICATION,,,aug_v3
aug_v3_task_classification_031,"Classify each support ticket as billing, technical, security, or account access. Return the label and one-sentence rationale for every item. Context: DevOps release, variant 1. Keep the answer precise and use the requested output structure.",FACTUAL,classification,False,0.25,0.5,0.25,0.0,0.25,0.2625,T1,low,,[],,False,classification coverage example for DevOps release,,,AUGMENTED_CLASSIFICATION,,,aug_v3
aug_v3_task_classification_032,"Classify each support ticket as billing, technical, security, or account access. Return the label and one-sentence rationale for every item. Context: DevOps release, variant 2. Keep the answer precise and use the requested output structure.",FACTUAL,classification,False,0.25,0.5,0.25,0.0,0.25,0.2625,T1,low,,[],,False,classification coverage example for DevOps release,,,AUGMENTED_CLASSIFICATION,,,aug_v3
aug_v3_task_classification_033,"Classify each support ticket as billing, technical, security, or account access. Return the label and one-sentence rationale for every item. Context: DevOps release, variant 3. Keep the answer precise and use the requested output structure.",FACTUAL,classification,False,0.25,0.5,0.25,0.0,0.25,0.2625,T1,low,,[],,False,classification coverage example for DevOps release,,,AUGMENTED_CLASSIFICATION,,,aug_v3
aug_v3_task_classification_034,"Classify each support ticket as billing, technical, security, or account access. Return the label and one-sentence rationale for every item. Context: DevOps release, variant 4. Keep the answer precise and use the requested output structure.",FACTUAL,classification,False,0.25,0.5,0.25,0.0,0.25,0.2625,T1,low,,[],,False,classification coverage example for DevOps release,,,AUGMENTED_CLASSIFICATION,,,aug_v3
aug_v3_task_classification_035,"Classify each support ticket as billing, technical, security, or account access. Return the label and one-sentence rationale for every item. Context: DevOps release, variant 5. Keep the answer precise and use the requested output structure.",FACTUAL,classification,False,0.25,0.5,0.25,0.0,0.25,0.2625,T1,low,,[],,False,classification coverage example for DevOps release,,,AUGMENTED_CLASSIFICATION,,,aug_v3
aug_v3_task_classification_036,"Classify each support ticket as billing, technical, security, or account access. Return the label and one-sentence rationale for every item. Context: vendor management, variant 1. Keep the answer precise and use the requested output structure.",FACTUAL,classification,False,0.25,0.5,0.25,0.0,0.25,0.2625,T1,low,,[],,False,classification coverage example for vendor management,,,AUGMENTED_CLASSIFICATION,,,aug_v3
aug_v3_task_classification_037,"Classify each support ticket as billing, technical, security, or account access. Return the label and one-sentence rationale for every item. Context: vendor management, variant 2. Keep the answer precise and use the requested output structure.",FACTUAL,classification,False,0.25,0.5,0.25,0.0,0.25,0.2625,T1,low,,[],,False,classification coverage example for vendor management,,,AUGMENTED_CLASSIFICATION,,,aug_v3
aug_v3_task_classification_038,"Classify each support ticket as billing, technical, security, or account access. Return the label and one-sentence rationale for every item. Context: vendor management, variant 3. Keep the answer precise and use the requested output structure.",FACTUAL,classification,False,0.25,0.5,0.25,0.0,0.25,0.2625,T1,low,,[],,False,classification coverage example for vendor management,,,AUGMENTED_CLASSIFICATION,,,aug_v3
aug_v3_task_classification_039,"Classify each support ticket as billing, technical, security, or account access. Return the label and one-sentence rationale for every item. Context: vendor management, variant 4. Keep the answer precise and use the requested output structure.",FACTUAL,classification,False,0.25,0.5,0.25,0.0,0.25,0.2625,T1,low,,[],,False,classification coverage example for vendor management,,,AUGMENTED_CLASSIFICATION,,,aug_v3
aug_v3_task_classification_040,"Classify each support ticket as billing, technical, security, or account access. Return the label and one-sentence rationale for every item. Context: vendor management, variant 5. Keep the answer precise and use the requested output structure.",FACTUAL,classification,False,0.25,0.5,0.25,0.0,0.25,0.2625,T1,low,,[],,False,classification coverage example for vendor management,,,AUGMENTED_CLASSIFICATION,,,aug_v3
aug_v3_task_coding_041,"Write a Python function that validates a JSON payload, checks required fields, normalizes dates, and returns structured validation errors with sample tests. Context: cloud infrastructure, variant 1. Keep the answer precise and use the requested output structure.",ANALYTICAL,coding,True,0.5,0.75,0.75,0.0,0.5,0.525,T2,medium,,[],,False,coding coverage example for cloud infrastructure,,,AUGMENTED_CODING,,,aug_v3
aug_v3_task_coding_042,"Write a Python function that validates a JSON payload, checks required fields, normalizes dates, and returns structured validation errors with sample tests. Context: cloud infrastructure, variant 2. Keep the answer precise and use the requested output structure.",ANALYTICAL,coding,True,0.5,0.75,0.75,0.0,0.5,0.525,T2,medium,,[],,False,coding coverage example for cloud infrastructure,,,AUGMENTED_CODING,,,aug_v3
aug_v3_task_coding_043,"Write a Python function that validates a JSON payload, checks required fields, normalizes dates, and returns structured validation errors with sample tests. Context: cloud infrastructure, variant 3. Keep the answer precise and use the requested output structure.",ANALYTICAL,coding,True,0.5,0.75,0.75,0.0,0.5,0.525,T2,medium,,[],,False,coding coverage example for cloud infrastructure,,,AUGMENTED_CODING,,,aug_v3
aug_v3_task_coding_044,"Write a Python function that validates a JSON payload, checks required fields, normalizes dates, and returns structured validation errors with sample tests. Context: cloud infrastructure, variant 4. Keep the answer precise and use the requested output structure.",ANALYTICAL,coding,True,0.5,0.75,0.75,0.0,0.5,0.525,T2,medium,,[],,False,coding coverage example for cloud infrastructure,,,AUGMENTED_CODING,,,aug_v3
aug_v3_task_coding_045,"Write a Python function that validates a JSON payload, checks required fields, normalizes dates, and returns structured validation errors with sample tests. Context: cloud infrastructure, variant 5. Keep the answer precise and use the requested output structure.",ANALYTICAL,coding,True,0.5,0.75,0.75,0.0,0.5,0.525,T2,medium,,[],,False,coding coverage example for cloud infrastructure,,,AUGMENTED_CODING,,,aug_v3
aug_v3_task_coding_046,"Write a Python function that validates a JSON payload, checks required fields, normalizes dates, and returns structured validation errors with sample tests. Context: customer support, variant 1. Keep the answer precise and use the requested output structure.",ANALYTICAL,coding,True,0.5,0.75,0.75,0.0,0.5,0.525,T2,medium,,[],,False,coding coverage example for customer support,,,AUGMENTED_CODING,,,aug_v3
aug_v3_task_coding_047,"Write a Python function that validates a JSON payload, checks required fields, normalizes dates, and returns structured validation errors with sample tests. Context: customer support, variant 2. Keep the answer precise and use the requested output structure.",ANALYTICAL,coding,True,0.5,0.75,0.75,0.0,0.5,0.525,T2,medium,,[],,False,coding coverage example for customer support,,,AUGMENTED_CODING,,,aug_v3
aug_v3_task_coding_048,"Write a Python function that validates a JSON payload, checks required fields, normalizes dates, and returns structured validation errors with sample tests. Context: customer support, variant 3. Keep the answer precise and use the requested output structure.",ANALYTICAL,coding,True,0.5,0.75,0.75,0.0,0.5,0.525,T2,medium,,[],,False,coding coverage example for customer support,,,AUGMENTED_CODING,,,aug_v3
aug_v3_task_coding_049,"Write a Python function that validates a JSON payload, checks required fields, normalizes dates, and returns structured validation errors with sample tests. Context: customer support, variant 4. Keep the answer precise and use the requested output structure.",ANALYTICAL,coding,True,0.5,0.75,0.75,0.0,0.5,0.525,T2,medium,,[],,False,coding coverage example for customer support,,,AUGMENTED_CODING,,,aug_v3
aug_v3_task_coding_050,"Write a Python function that validates a JSON payload, checks required fields, normalizes dates, and returns structured validation errors with sample tests. Context: customer support, variant 5. Keep the answer precise and use the requested output structure.",ANALYTICAL,coding,True,0.5,0.75,0.75,0.0,0.5,0.525,T2,medium,,[],,False,coding coverage example for customer support,,,AUGMENTED_CODING,,,aug_v3
aug_v3_task_coding_051,"Write a Python function that validates a JSON payload, checks required fields, normalizes dates, and returns structured validation errors with sample tests. Context: security operations, variant 1. Keep the answer precise and use the requested output structure.",ANALYTICAL,coding,True,0.5,0.75,0.75,0.0,0.5,0.525,T2,medium,,[],,False,coding coverage example for security operations,,,AUGMENTED_CODING,,,aug_v3
aug_v3_task_coding_052,"Write a Python function that validates a JSON payload, checks required fields, normalizes dates, and returns structured validation errors with sample tests. Context: security operations, variant 2. Keep the answer precise and use the requested output structure.",ANALYTICAL,coding,True,0.5,0.75,0.75,0.0,0.5,0.525,T2,medium,,[],,False,coding coverage example for security operations,,,AUGMENTED_CODING,,,aug_v3
aug_v3_task_coding_053,"Write a Python function that validates a JSON payload, checks required fields, normalizes dates, and returns structured validation errors with sample tests. Context: security operations, variant 3. Keep the answer precise and use the requested output structure.",ANALYTICAL,coding,True,0.5,0.75,0.75,0.0,0.5,0.525,T2,medium,,[],,False,coding coverage example for security operations,,,AUGMENTED_CODING,,,aug_v3
aug_v3_task_coding_054,"Write a Python function that validates a JSON payload, checks required fields, normalizes dates, and returns structured validation errors with sample tests. Context: security operations, variant 4. Keep the answer precise and use the requested output structure.",ANALYTICAL,coding,True,0.5,0.75,0.75,0.0,0.5,0.525,T2,medium,,[],,False,coding coverage example for security operations,,,AUGMENTED_CODING,,,aug_v3
aug_v3_task_coding_055,"Write a Python function that validates a JSON payload, checks required fields, normalizes dates, and returns structured validation errors with sample tests. Context: security operations, variant 5. Keep the answer precise and use the requested output structure.",ANALYTICAL,coding,True,0.5,0.75,0.75,0.0,0.5,0.525,T2,medium,,[],,False,coding coverage example for security operations,,,AUGMENTED_CODING,,,aug_v3
aug_v3_task_coding_056,"Write a Python function that validates a JSON payload, checks required fields, normalizes dates, and returns structured validation errors with sample tests. Context: finance operations, variant 1. Keep the answer precise and use the requested output structure.",ANALYTICAL,coding,True,0.5,0.75,0.75,0.0,0.5,0.525,T2,medium,,[],,False,coding coverage example for finance operations,,,AUGMENTED_CODING,,,aug_v3
aug_v3_task_coding_057,"Write a Python function that validates a JSON payload, checks required fields, normalizes dates, and returns structured validation errors with sample tests. Context: finance operations, variant 2. Keep the answer precise and use the requested output structure.",ANALYTICAL,coding,True,0.5,0.75,0.75,0.0,0.5,0.525,T2,medium,,[],,False,coding coverage example for finance operations,,,AUGMENTED_CODING,,,aug_v3
aug_v3_task_coding_058,"Write a Python function that validates a JSON payload, checks required fields, normalizes dates, and returns structured validation errors with sample tests. Context: finance operations, variant 3. Keep the answer precise and use the requested output structure.",ANALYTICAL,coding,True,0.5,0.75,0.75,0.0,0.5,0.525,T2,medium,,[],,False,coding coverage example for finance operations,,,AUGMENTED_CODING,,,aug_v3
aug_v3_task_coding_059,"Write a Python function that validates a JSON payload, checks required fields, normalizes dates, and returns structured validation errors with sample tests. Context: finance operations, variant 4. Keep the answer precise and use the requested output structure.",ANALYTICAL,coding,True,0.5,0.75,0.75,0.0,0.5,0.525,T2,medium,,[],,False,coding coverage example for finance operations,,,AUGMENTED_CODING,,,aug_v3
aug_v3_task_coding_060,"Write a Python function that validates a JSON payload, checks required fields, normalizes dates, and returns structured validation errors with sample tests. Context: finance operations, variant 5. Keep the answer precise and use the requested output structure.",ANALYTICAL,coding,True,0.5,0.75,0.75,0.0,0.5,0.525,T2,medium,,[],,False,coding coverage example for finance operations,,,AUGMENTED_CODING,,,aug_v3
aug_v3_task_coding_061,"Write a Python function that validates a JSON payload, checks required fields, normalizes dates, and returns structured validation errors with sample tests. Context: HR workflow, variant 1. Keep the answer precise and use the requested output structure.",ANALYTICAL,coding,True,0.5,0.75,0.75,0.0,0.5,0.525,T2,medium,,[],,False,coding coverage example for HR workflow,,,AUGMENTED_CODING,,,aug_v3
aug_v3_task_coding_062,"Write a Python function that validates a JSON payload, checks required fields, normalizes dates, and returns structured validation errors with sample tests. Context: HR workflow, variant 2. Keep the answer precise and use the requested output structure.",ANALYTICAL,coding,True,0.5,0.75,0.75,0.0,0.5,0.525,T2,medium,,[],,False,coding coverage example for HR workflow,,,AUGMENTED_CODING,,,aug_v3
aug_v3_task_coding_063,"Write a Python function that validates a JSON payload, checks required fields, normalizes dates, and returns structured validation errors with sample tests. Context: HR workflow, variant 3. Keep the answer precise and use the requested output structure.",ANALYTICAL,coding,True,0.5,0.75,0.75,0.0,0.5,0.525,T2,medium,,[],,False,coding coverage example for HR workflow,,,AUGMENTED_CODING,,,aug_v3
aug_v3_task_coding_064,"Write a Python function that validates a JSON payload, checks required fields, normalizes dates, and returns structured validation errors with sample tests. Context: HR workflow, variant 4. Keep the answer precise and use the requested output structure.",ANALYTICAL,coding,True,0.5,0.75,0.75,0.0,0.5,0.525,T2,medium,,[],,False,coding coverage example for HR workflow,,,AUGMENTED_CODING,,,aug_v3
aug_v3_task_coding_065,"Write a Python function that validates a JSON payload, checks required fields, normalizes dates, and returns structured validation errors with sample tests. Context: HR workflow, variant 5. Keep the answer precise and use the requested output structure.",ANALYTICAL,coding,True,0.5,0.75,0.75,0.0,0.5,0.525,T2,medium,,[],,False,coding coverage example for HR workflow,,,AUGMENTED_CODING,,,aug_v3
aug_v3_task_coding_066,"Write a Python function that validates a JSON payload, checks required fields, normalizes dates, and returns structured validation errors with sample tests. Context: data governance, variant 1. Keep the answer precise and use the requested output structure.",ANALYTICAL,coding,True,0.5,0.75,0.75,0.0,0.5,0.525,T2,medium,,[],,False,coding coverage example for data governance,,,AUGMENTED_CODING,,,aug_v3
aug_v3_task_coding_067,"Write a Python function that validates a JSON payload, checks required fields, normalizes dates, and returns structured validation errors with sample tests. Context: data governance, variant 2. Keep the answer precise and use the requested output structure.",ANALYTICAL,coding,True,0.5,0.75,0.75,0.0,0.5,0.525,T2,medium,,[],,False,coding coverage example for data governance,,,AUGMENTED_CODING,,,aug_v3
aug_v3_task_coding_068,"Write a Python function that validates a JSON payload, checks required fields, normalizes dates, and returns structured validation errors with sample tests. Context: data governance, variant 3. Keep the answer precise and use the requested output structure.",ANALYTICAL,coding,True,0.5,0.75,0.75,0.0,0.5,0.525,T2,medium,,[],,False,coding coverage example for data governance,,,AUGMENTED_CODING,,,aug_v3
aug_v3_task_coding_069,"Write a Python function that validates a JSON payload, checks required fields, normalizes dates, and returns structured validation errors with sample tests. Context: data governance, variant 4. Keep the answer precise and use the requested output structure.",ANALYTICAL,coding,True,0.5,0.75,0.75,0.0,0.5,0.525,T2,medium,,[],,False,coding coverage example for data governance,,,AUGMENTED_CODING,,,aug_v3
aug_v3_task_coding_070,"Write a Python function that validates a JSON payload, checks required fields, normalizes dates, and returns structured validation errors with sample tests. Context: data governance, variant 5. Keep the answer precise and use the requested output structure.",ANALYTICAL,coding,True,0.5,0.75,0.75,0.0,0.5,0.525,T2,medium,,[],,False,coding coverage example for data governance,,,AUGMENTED_CODING,,,aug_v3
aug_v3_task_coding_071,"Write a Python function that validates a JSON payload, checks required fields, normalizes dates, and returns structured validation errors with sample tests. Context: DevOps release, variant 1. Keep the answer precise and use the requested output structure.",ANALYTICAL,coding,True,0.5,0.75,0.75,0.0,0.5,0.525,T2,medium,,[],,False,coding coverage example for DevOps release,,,AUGMENTED_CODING,,,aug_v3
aug_v3_task_coding_072,"Write a Python function that validates a JSON payload, checks required fields, normalizes dates, and returns structured validation errors with sample tests. Context: DevOps release, variant 2. Keep the answer precise and use the requested output structure.",ANALYTICAL,coding,True,0.5,0.75,0.75,0.0,0.5,0.525,T2,medium,,[],,False,coding coverage example for DevOps release,,,AUGMENTED_CODING,,,aug_v3
aug_v3_task_coding_073,"Write a Python function that validates a JSON payload, checks required fields, normalizes dates, and returns structured validation errors with sample tests. Context: DevOps release, variant 3. Keep the answer precise and use the requested output structure.",ANALYTICAL,coding,True,0.5,0.75,0.75,0.0,0.5,0.525,T2,medium,,[],,False,coding coverage example for DevOps release,,,AUGMENTED_CODING,,,aug_v3
aug_v3_task_coding_074,"Write a Python function that validates a JSON payload, checks required fields, normalizes dates, and returns structured validation errors with sample tests. Context: DevOps release, variant 4. Keep the answer precise and use the requested output structure.",ANALYTICAL,coding,True,0.5,0.75,0.75,0.0,0.5,0.525,T2,medium,,[],,False,coding coverage example for DevOps release,,,AUGMENTED_CODING,,,aug_v3
aug_v3_task_coding_075,"Write a Python function that validates a JSON payload, checks required fields, normalizes dates, and returns structured validation errors with sample tests. Context: DevOps release, variant 5. Keep the answer precise and use the requested output structure.",ANALYTICAL,coding,True,0.5,0.75,0.75,0.0,0.5,0.525,T2,medium,,[],,False,coding coverage example for DevOps release,,,AUGMENTED_CODING,,,aug_v3
aug_v3_task_coding_076,"Write a Python function that validates a JSON payload, checks required fields, normalizes dates, and returns structured validation errors with sample tests. Context: vendor management, variant 1. Keep the answer precise and use the requested output structure.",ANALYTICAL,coding,True,0.5,0.75,0.75,0.0,0.5,0.525,T2,medium,,[],,False,coding coverage example for vendor management,,,AUGMENTED_CODING,,,aug_v3
aug_v3_task_coding_077,"Write a Python function that validates a JSON payload, checks required fields, normalizes dates, and returns structured validation errors with sample tests. Context: vendor management, variant 2. Keep the answer precise and use the requested output structure.",ANALYTICAL,coding,True,0.5,0.75,0.75,0.0,0.5,0.525,T2,medium,,[],,False,coding coverage example for vendor management,,,AUGMENTED_CODING,,,aug_v3
aug_v3_task_coding_078,"Write a Python function that validates a JSON payload, checks required fields, normalizes dates, and returns structured validation errors with sample tests. Context: vendor management, variant 3. Keep the answer precise and use the requested output structure.",ANALYTICAL,coding,True,0.5,0.75,0.75,0.0,0.5,0.525,T2,medium,,[],,False,coding coverage example for vendor management,,,AUGMENTED_CODING,,,aug_v3
aug_v3_task_coding_079,"Write a Python function that validates a JSON payload, checks required fields, normalizes dates, and returns structured validation errors with sample tests. Context: vendor management, variant 4. Keep the answer precise and use the requested output structure.",ANALYTICAL,coding,True,0.5,0.75,0.75,0.0,0.5,0.525,T2,medium,,[],,False,coding coverage example for vendor management,,,AUGMENTED_CODING,,,aug_v3
aug_v3_task_coding_080,"Write a Python function that validates a JSON payload, checks required fields, normalizes dates, and returns structured validation errors with sample tests. Context: vendor management, variant 5. Keep the answer precise and use the requested output structure.",ANALYTICAL,coding,True,0.5,0.75,0.75,0.0,0.5,0.525,T2,medium,,[],,False,coding coverage example for vendor management,,,AUGMENTED_CODING,,,aug_v3
aug_v3_task_summarisation_081,"Summarize the attached incident timeline into an executive summary, root-cause bullets, customer impact, and follow-up actions. Context: cloud infrastructure, variant 1. Keep the answer precise and use the requested output structure.",ANALYTICAL,summarisation,True,0.5,0.5,0.75,0.0,0.75,0.5,T2,medium,,[],,False,summarisation coverage example for cloud infrastructure,,,AUGMENTED_SUMMARISATION,,,aug_v3
aug_v3_task_summarisation_082,"Summarize the attached incident timeline into an executive summary, root-cause bullets, customer impact, and follow-up actions. Context: cloud infrastructure, variant 2. Keep the answer precise and use the requested output structure.",ANALYTICAL,summarisation,True,0.5,0.5,0.75,0.0,0.75,0.5,T2,medium,,[],,False,summarisation coverage example for cloud infrastructure,,,AUGMENTED_SUMMARISATION,,,aug_v3
aug_v3_task_summarisation_083,"Summarize the attached incident timeline into an executive summary, root-cause bullets, customer impact, and follow-up actions. Context: cloud infrastructure, variant 3. Keep the answer precise and use the requested output structure.",ANALYTICAL,summarisation,True,0.5,0.5,0.75,0.0,0.75,0.5,T2,medium,,[],,False,summarisation coverage example for cloud infrastructure,,,AUGMENTED_SUMMARISATION,,,aug_v3
aug_v3_task_summarisation_084,"Summarize the attached incident timeline into an executive summary, root-cause bullets, customer impact, and follow-up actions. Context: cloud infrastructure, variant 4. Keep the answer precise and use the requested output structure.",ANALYTICAL,summarisation,True,0.5,0.5,0.75,0.0,0.75,0.5,T2,medium,,[],,False,summarisation coverage example for cloud infrastructure,,,AUGMENTED_SUMMARISATION,,,aug_v3
aug_v3_task_summarisation_085,"Summarize the attached incident timeline into an executive summary, root-cause bullets, customer impact, and follow-up actions. Context: cloud infrastructure, variant 5. Keep the answer precise and use the requested output structure.",ANALYTICAL,summarisation,True,0.5,0.5,0.75,0.0,0.75,0.5,T2,medium,,[],,False,summarisation coverage example for cloud infrastructure,,,AUGMENTED_SUMMARISATION,,,aug_v3
aug_v3_task_summarisation_086,"Summarize the attached incident timeline into an executive summary, root-cause bullets, customer impact, and follow-up actions. Context: customer support, variant 1. Keep the answer precise and use the requested output structure.",ANALYTICAL,summarisation,True,0.5,0.5,0.75,0.0,0.75,0.5,T2,medium,,[],,False,summarisation coverage example for customer support,,,AUGMENTED_SUMMARISATION,,,aug_v3
aug_v3_task_summarisation_087,"Summarize the attached incident timeline into an executive summary, root-cause bullets, customer impact, and follow-up actions. Context: customer support, variant 2. Keep the answer precise and use the requested output structure.",ANALYTICAL,summarisation,True,0.5,0.5,0.75,0.0,0.75,0.5,T2,medium,,[],,False,summarisation coverage example for customer support,,,AUGMENTED_SUMMARISATION,,,aug_v3
aug_v3_task_summarisation_088,"Summarize the attached incident timeline into an executive summary, root-cause bullets, customer impact, and follow-up actions. Context: customer support, variant 3. Keep the answer precise and use the requested output structure.",ANALYTICAL,summarisation,True,0.5,0.5,0.75,0.0,0.75,0.5,T2,medium,,[],,False,summarisation coverage example for customer support,,,AUGMENTED_SUMMARISATION,,,aug_v3
aug_v3_task_summarisation_089,"Summarize the attached incident timeline into an executive summary, root-cause bullets, customer impact, and follow-up actions. Context: customer support, variant 4. Keep the answer precise and use the requested output structure.",ANALYTICAL,summarisation,True,0.5,0.5,0.75,0.0,0.75,0.5,T2,medium,,[],,False,summarisation coverage example for customer support,,,AUGMENTED_SUMMARISATION,,,aug_v3
aug_v3_task_summarisation_090,"Summarize the attached incident timeline into an executive summary, root-cause bullets, customer impact, and follow-up actions. Context: customer support, variant 5. Keep the answer precise and use the requested output structure.",ANALYTICAL,summarisation,True,0.5,0.5,0.75,0.0,0.75,0.5,T2,medium,,[],,False,summarisation coverage example for customer support,,,AUGMENTED_SUMMARISATION,,,aug_v3
aug_v3_task_summarisation_091,"Summarize the attached incident timeline into an executive summary, root-cause bullets, customer impact, and follow-up actions. Context: security operations, variant 1. Keep the answer precise and use the requested output structure.",ANALYTICAL,summarisation,True,0.5,0.5,0.75,0.0,0.75,0.5,T2,medium,,[],,False,summarisation coverage example for security operations,,,AUGMENTED_SUMMARISATION,,,aug_v3
aug_v3_task_summarisation_092,"Summarize the attached incident timeline into an executive summary, root-cause bullets, customer impact, and follow-up actions. Context: security operations, variant 2. Keep the answer precise and use the requested output structure.",ANALYTICAL,summarisation,True,0.5,0.5,0.75,0.0,0.75,0.5,T2,medium,,[],,False,summarisation coverage example for security operations,,,AUGMENTED_SUMMARISATION,,,aug_v3
aug_v3_task_summarisation_093,"Summarize the attached incident timeline into an executive summary, root-cause bullets, customer impact, and follow-up actions. Context: security operations, variant 3. Keep the answer precise and use the requested output structure.",ANALYTICAL,summarisation,True,0.5,0.5,0.75,0.0,0.75,0.5,T2,medium,,[],,False,summarisation coverage example for security operations,,,AUGMENTED_SUMMARISATION,,,aug_v3
aug_v3_task_summarisation_094,"Summarize the attached incident timeline into an executive summary, root-cause bullets, customer impact, and follow-up actions. Context: security operations, variant 4. Keep the answer precise and use the requested output structure.",ANALYTICAL,summarisation,True,0.5,0.5,0.75,0.0,0.75,0.5,T2,medium,,[],,False,summarisation coverage example for security operations,,,AUGMENTED_SUMMARISATION,,,aug_v3
aug_v3_task_summarisation_095,"Summarize the attached incident timeline into an executive summary, root-cause bullets, customer impact, and follow-up actions. Context: security operations, variant 5. Keep the answer precise and use the requested output structure.",ANALYTICAL,summarisation,True,0.5,0.5,0.75,0.0,0.75,0.5,T2,medium,,[],,False,summarisation coverage example for security operations,,,AUGMENTED_SUMMARISATION,,,aug_v3
aug_v3_task_summarisation_096,"Summarize the attached incident timeline into an executive summary, root-cause bullets, customer impact, and follow-up actions. Context: finance operations, variant 1. Keep the answer precise and use the requested output structure.",ANALYTICAL,summarisation,True,0.5,0.5,0.75,0.0,0.75,0.5,T2,medium,,[],,False,summarisation coverage example for finance operations,,,AUGMENTED_SUMMARISATION,,,aug_v3
aug_v3_task_summarisation_097,"Summarize the attached incident timeline into an executive summary, root-cause bullets, customer impact, and follow-up actions. Context: finance operations, variant 2. Keep the answer precise and use the requested output structure.",ANALYTICAL,summarisation,True,0.5,0.5,0.75,0.0,0.75,0.5,T2,medium,,[],,False,summarisation coverage example for finance operations,,,AUGMENTED_SUMMARISATION,,,aug_v3
aug_v3_task_summarisation_098,"Summarize the attached incident timeline into an executive summary, root-cause bullets, customer impact, and follow-up actions. Context: finance operations, variant 3. Keep the answer precise and use the requested output structure.",ANALYTICAL,summarisation,True,0.5,0.5,0.75,0.0,0.75,0.5,T2,medium,,[],,False,summarisation coverage example for finance operations,,,AUGMENTED_SUMMARISATION,,,aug_v3
aug_v3_task_summarisation_099,"Summarize the attached incident timeline into an executive summary, root-cause bullets, customer impact, and follow-up actions. Context: finance operations, variant 4. Keep the answer precise and use the requested output structure.",ANALYTICAL,summarisation,True,0.5,0.5,0.75,0.0,0.75,0.5,T2,medium,,[],,False,summarisation coverage example for finance operations,,,AUGMENTED_SUMMARISATION,,,aug_v3
aug_v3_task_summarisation_100,"Summarize the attached incident timeline into an executive summary, root-cause bullets, customer impact, and follow-up actions. Context: finance operations, variant 5. Keep the answer precise and use the requested output structure.",ANALYTICAL,summarisation,True,0.5,0.5,0.75,0.0,0.75,0.5,T2,medium,,[],,False,summarisation coverage example for finance operations,,,AUGMENTED_SUMMARISATION,,,aug_v3
aug_v3_task_summarisation_101,"Summarize the attached incident timeline into an executive summary, root-cause bullets, customer impact, and follow-up actions. Context: HR workflow, variant 1. Keep the answer precise and use the requested output structure.",ANALYTICAL,summarisation,True,0.5,0.5,0.75,0.0,0.75,0.5,T2,medium,,[],,False,summarisation coverage example for HR workflow,,,AUGMENTED_SUMMARISATION,,,aug_v3
aug_v3_task_summarisation_102,"Summarize the attached incident timeline into an executive summary, root-cause bullets, customer impact, and follow-up actions. Context: HR workflow, variant 2. Keep the answer precise and use the requested output structure.",ANALYTICAL,summarisation,True,0.5,0.5,0.75,0.0,0.75,0.5,T2,medium,,[],,False,summarisation coverage example for HR workflow,,,AUGMENTED_SUMMARISATION,,,aug_v3
aug_v3_task_summarisation_103,"Summarize the attached incident timeline into an executive summary, root-cause bullets, customer impact, and follow-up actions. Context: HR workflow, variant 3. Keep the answer precise and use the requested output structure.",ANALYTICAL,summarisation,True,0.5,0.5,0.75,0.0,0.75,0.5,T2,medium,,[],,False,summarisation coverage example for HR workflow,,,AUGMENTED_SUMMARISATION,,,aug_v3
aug_v3_task_summarisation_104,"Summarize the attached incident timeline into an executive summary, root-cause bullets, customer impact, and follow-up actions. Context: HR workflow, variant 4. Keep the answer precise and use the requested output structure.",ANALYTICAL,summarisation,True,0.5,0.5,0.75,0.0,0.75,0.5,T2,medium,,[],,False,summarisation coverage example for HR workflow,,,AUGMENTED_SUMMARISATION,,,aug_v3
aug_v3_task_summarisation_105,"Summarize the attached incident timeline into an executive summary, root-cause bullets, customer impact, and follow-up actions. Context: HR workflow, variant 5. Keep the answer precise and use the requested output structure.",ANALYTICAL,summarisation,True,0.5,0.5,0.75,0.0,0.75,0.5,T2,medium,,[],,False,summarisation coverage example for HR workflow,,,AUGMENTED_SUMMARISATION,,,aug_v3
aug_v3_task_summarisation_106,"Summarize the attached incident timeline into an executive summary, root-cause bullets, customer impact, and follow-up actions. Context: data governance, variant 1. Keep the answer precise and use the requested output structure.",ANALYTICAL,summarisation,True,0.5,0.5,0.75,0.0,0.75,0.5,T2,medium,,[],,False,summarisation coverage example for data governance,,,AUGMENTED_SUMMARISATION,,,aug_v3
aug_v3_task_summarisation_107,"Summarize the attached incident timeline into an executive summary, root-cause bullets, customer impact, and follow-up actions. Context: data governance, variant 2. Keep the answer precise and use the requested output structure.",ANALYTICAL,summarisation,True,0.5,0.5,0.75,0.0,0.75,0.5,T2,medium,,[],,False,summarisation coverage example for data governance,,,AUGMENTED_SUMMARISATION,,,aug_v3
aug_v3_task_summarisation_108,"Summarize the attached incident timeline into an executive summary, root-cause bullets, customer impact, and follow-up actions. Context: data governance, variant 3. Keep the answer precise and use the requested output structure.",ANALYTICAL,summarisation,True,0.5,0.5,0.75,0.0,0.75,0.5,T2,medium,,[],,False,summarisation coverage example for data governance,,,AUGMENTED_SUMMARISATION,,,aug_v3
aug_v3_task_summarisation_109,"Summarize the attached incident timeline into an executive summary, root-cause bullets, customer impact, and follow-up actions. Context: data governance, variant 4. Keep the answer precise and use the requested output structure.",ANALYTICAL,summarisation,True,0.5,0.5,0.75,0.0,0.75,0.5,T2,medium,,[],,False,summarisation coverage example for data governance,,,AUGMENTED_SUMMARISATION,,,aug_v3
aug_v3_task_summarisation_110,"Summarize the attached incident timeline into an executive summary, root-cause bullets, customer impact, and follow-up actions. Context: data governance, variant 5. Keep the answer precise and use the requested output structure.",ANALYTICAL,summarisation,True,0.5,0.5,0.75,0.0,0.75,0.5,T2,medium,,[],,False,summarisation coverage example for data governance,,,AUGMENTED_SUMMARISATION,,,aug_v3
aug_v3_task_summarisation_111,"Summarize the attached incident timeline into an executive summary, root-cause bullets, customer impact, and follow-up actions. Context: DevOps release, variant 1. Keep the answer precise and use the requested output structure.",ANALYTICAL,summarisation,True,0.5,0.5,0.75,0.0,0.75,0.5,T2,medium,,[],,False,summarisation coverage example for DevOps release,,,AUGMENTED_SUMMARISATION,,,aug_v3
aug_v3_task_summarisation_112,"Summarize the attached incident timeline into an executive summary, root-cause bullets, customer impact, and follow-up actions. Context: DevOps release, variant 2. Keep the answer precise and use the requested output structure.",ANALYTICAL,summarisation,True,0.5,0.5,0.75,0.0,0.75,0.5,T2,medium,,[],,False,summarisation coverage example for DevOps release,,,AUGMENTED_SUMMARISATION,,,aug_v3
aug_v3_task_summarisation_113,"Summarize the attached incident timeline into an executive summary, root-cause bullets, customer impact, and follow-up actions. Context: DevOps release, variant 3. Keep the answer precise and use the requested output structure.",ANALYTICAL,summarisation,True,0.5,0.5,0.75,0.0,0.75,0.5,T2,medium,,[],,False,summarisation coverage example for DevOps release,,,AUGMENTED_SUMMARISATION,,,aug_v3
aug_v3_task_summarisation_114,"Summarize the attached incident timeline into an executive summary, root-cause bullets, customer impact, and follow-up actions. Context: DevOps release, variant 4. Keep the answer precise and use the requested output structure.",ANALYTICAL,summarisation,True,0.5,0.5,0.75,0.0,0.75,0.5,T2,medium,,[],,False,summarisation coverage example for DevOps release,,,AUGMENTED_SUMMARISATION,,,aug_v3
aug_v3_task_summarisation_115,"Summarize the attached incident timeline into an executive summary, root-cause bullets, customer impact, and follow-up actions. Context: DevOps release, variant 5. Keep the answer precise and use the requested output structure.",ANALYTICAL,summarisation,True,0.5,0.5,0.75,0.0,0.75,0.5,T2,medium,,[],,False,summarisation coverage example for DevOps release,,,AUGMENTED_SUMMARISATION,,,aug_v3
aug_v3_task_summarisation_116,"Summarize the attached incident timeline into an executive summary, root-cause bullets, customer impact, and follow-up actions. Context: vendor management, variant 1. Keep the answer precise and use the requested output structure.",ANALYTICAL,summarisation,True,0.5,0.5,0.75,0.0,0.75,0.5,T2,medium,,[],,False,summarisation coverage example for vendor management,,,AUGMENTED_SUMMARISATION,,,aug_v3
aug_v3_task_summarisation_117,"Summarize the attached incident timeline into an executive summary, root-cause bullets, customer impact, and follow-up actions. Context: vendor management, variant 2. Keep the answer precise and use the requested output structure.",ANALYTICAL,summarisation,True,0.5,0.5,0.75,0.0,0.75,0.5,T2,medium,,[],,False,summarisation coverage example for vendor management,,,AUGMENTED_SUMMARISATION,,,aug_v3
aug_v3_task_summarisation_118,"Summarize the attached incident timeline into an executive summary, root-cause bullets, customer impact, and follow-up actions. Context: vendor management, variant 3. Keep the answer precise and use the requested output structure.",ANALYTICAL,summarisation,True,0.5,0.5,0.75,0.0,0.75,0.5,T2,medium,,[],,False,summarisation coverage example for vendor management,,,AUGMENTED_SUMMARISATION,,,aug_v3
aug_v3_task_summarisation_119,"Summarize the attached incident timeline into an executive summary, root-cause bullets, customer impact, and follow-up actions. Context: vendor management, variant 4. Keep the answer precise and use the requested output structure.",ANALYTICAL,summarisation,True,0.5,0.5,0.75,0.0,0.75,0.5,T2,medium,,[],,False,summarisation coverage example for vendor management,,,AUGMENTED_SUMMARISATION,,,aug_v3
aug_v3_task_summarisation_120,"Summarize the attached incident timeline into an executive summary, root-cause bullets, customer impact, and follow-up actions. Context: vendor management, variant 5. Keep the answer precise and use the requested output structure.",ANALYTICAL,summarisation,True,0.5,0.5,0.75,0.0,0.75,0.5,T2,medium,,[],,False,summarisation coverage example for vendor management,,,AUGMENTED_SUMMARISATION,,,aug_v3
aug_v3_task_formatting_121,"Convert these messy implementation notes into a strict YAML runbook with owners, prerequisites, commands, rollback steps, and validation checks. Context: cloud infrastructure, variant 1. Keep the answer precise and use the requested output structure.",ANALYTICAL,formatting,True,0.5,0.5,0.75,0.0,0.75,0.5,T2,medium,,[],,False,formatting coverage example for cloud infrastructure,,,AUGMENTED_FORMATTING,,,aug_v3
aug_v3_task_formatting_122,"Convert these messy implementation notes into a strict YAML runbook with owners, prerequisites, commands, rollback steps, and validation checks. Context: cloud infrastructure, variant 2. Keep the answer precise and use the requested output structure.",ANALYTICAL,formatting,True,0.5,0.5,0.75,0.0,0.75,0.5,T2,medium,,[],,False,formatting coverage example for cloud infrastructure,,,AUGMENTED_FORMATTING,,,aug_v3
aug_v3_task_formatting_123,"Convert these messy implementation notes into a strict YAML runbook with owners, prerequisites, commands, rollback steps, and validation checks. Context: cloud infrastructure, variant 3. Keep the answer precise and use the requested output structure.",ANALYTICAL,formatting,True,0.5,0.5,0.75,0.0,0.75,0.5,T2,medium,,[],,False,formatting coverage example for cloud infrastructure,,,AUGMENTED_FORMATTING,,,aug_v3
aug_v3_task_formatting_124,"Convert these messy implementation notes into a strict YAML runbook with owners, prerequisites, commands, rollback steps, and validation checks. Context: cloud infrastructure, variant 4. Keep the answer precise and use the requested output structure.",ANALYTICAL,formatting,True,0.5,0.5,0.75,0.0,0.75,0.5,T2,medium,,[],,False,formatting coverage example for cloud infrastructure,,,AUGMENTED_FORMATTING,,,aug_v3
aug_v3_task_formatting_125,"Convert these messy implementation notes into a strict YAML runbook with owners, prerequisites, commands, rollback steps, and validation checks. Context: cloud infrastructure, variant 5. Keep the answer precise and use the requested output structure.",ANALYTICAL,formatting,True,0.5,0.5,0.75,0.0,0.75,0.5,T2,medium,,[],,False,formatting coverage example for cloud infrastructure,,,AUGMENTED_FORMATTING,,,aug_v3
aug_v3_task_formatting_126,"Convert these messy implementation notes into a strict YAML runbook with owners, prerequisites, commands, rollback steps, and validation checks. Context: customer support, variant 1. Keep the answer precise and use the requested output structure.",ANALYTICAL,formatting,True,0.5,0.5,0.75,0.0,0.75,0.5,T2,medium,,[],,False,formatting coverage example for customer support,,,AUGMENTED_FORMATTING,,,aug_v3
aug_v3_task_formatting_127,"Convert these messy implementation notes into a strict YAML runbook with owners, prerequisites, commands, rollback steps, and validation checks. Context: customer support, variant 2. Keep the answer precise and use the requested output structure.",ANALYTICAL,formatting,True,0.5,0.5,0.75,0.0,0.75,0.5,T2,medium,,[],,False,formatting coverage example for customer support,,,AUGMENTED_FORMATTING,,,aug_v3
aug_v3_task_formatting_128,"Convert these messy implementation notes into a strict YAML runbook with owners, prerequisites, commands, rollback steps, and validation checks. Context: customer support, variant 3. Keep the answer precise and use the requested output structure.",ANALYTICAL,formatting,True,0.5,0.5,0.75,0.0,0.75,0.5,T2,medium,,[],,False,formatting coverage example for customer support,,,AUGMENTED_FORMATTING,,,aug_v3
aug_v3_task_formatting_129,"Convert these messy implementation notes into a strict YAML runbook with owners, prerequisites, commands, rollback steps, and validation checks. Context: customer support, variant 4. Keep the answer precise and use the requested output structure.",ANALYTICAL,formatting,True,0.5,0.5,0.75,0.0,0.75,0.5,T2,medium,,[],,False,formatting coverage example for customer support,,,AUGMENTED_FORMATTING,,,aug_v3
aug_v3_task_formatting_130,"Convert these messy implementation notes into a strict YAML runbook with owners, prerequisites, commands, rollback steps, and validation checks. Context: customer support, variant 5. Keep the answer precise and use the requested output structure.",ANALYTICAL,formatting,True,0.5,0.5,0.75,0.0,0.75,0.5,T2,medium,,[],,False,formatting coverage example for customer support,,,AUGMENTED_FORMATTING,,,aug_v3
aug_v3_task_formatting_131,"Convert these messy implementation notes into a strict YAML runbook with owners, prerequisites, commands, rollback steps, and validation checks. Context: security operations, variant 1. Keep the answer precise and use the requested output structure.",ANALYTICAL,formatting,True,0.5,0.5,0.75,0.0,0.75,0.5,T2,medium,,[],,False,formatting coverage example for security operations,,,AUGMENTED_FORMATTING,,,aug_v3
aug_v3_task_formatting_132,"Convert these messy implementation notes into a strict YAML runbook with owners, prerequisites, commands, rollback steps, and validation checks. Context: security operations, variant 2. Keep the answer precise and use the requested output structure.",ANALYTICAL,formatting,True,0.5,0.5,0.75,0.0,0.75,0.5,T2,medium,,[],,False,formatting coverage example for security operations,,,AUGMENTED_FORMATTING,,,aug_v3
aug_v3_task_formatting_133,"Convert these messy implementation notes into a strict YAML runbook with owners, prerequisites, commands, rollback steps, and validation checks. Context: security operations, variant 3. Keep the answer precise and use the requested output structure.",ANALYTICAL,formatting,True,0.5,0.5,0.75,0.0,0.75,0.5,T2,medium,,[],,False,formatting coverage example for security operations,,,AUGMENTED_FORMATTING,,,aug_v3
aug_v3_task_formatting_134,"Convert these messy implementation notes into a strict YAML runbook with owners, prerequisites, commands, rollback steps, and validation checks. Context: security operations, variant 4. Keep the answer precise and use the requested output structure.",ANALYTICAL,formatting,True,0.5,0.5,0.75,0.0,0.75,0.5,T2,medium,,[],,False,formatting coverage example for security operations,,,AUGMENTED_FORMATTING,,,aug_v3
aug_v3_task_formatting_135,"Convert these messy implementation notes into a strict YAML runbook with owners, prerequisites, commands, rollback steps, and validation checks. Context: security operations, variant 5. Keep the answer precise and use the requested output structure.",ANALYTICAL,formatting,True,0.5,0.5,0.75,0.0,0.75,0.5,T2,medium,,[],,False,formatting coverage example for security operations,,,AUGMENTED_FORMATTING,,,aug_v3
aug_v3_task_formatting_136,"Convert these messy implementation notes into a strict YAML runbook with owners, prerequisites, commands, rollback steps, and validation checks. Context: finance operations, variant 1. Keep the answer precise and use the requested output structure.",ANALYTICAL,formatting,True,0.5,0.5,0.75,0.0,0.75,0.5,T2,medium,,[],,False,formatting coverage example for finance operations,,,AUGMENTED_FORMATTING,,,aug_v3
aug_v3_task_formatting_137,"Convert these messy implementation notes into a strict YAML runbook with owners, prerequisites, commands, rollback steps, and validation checks. Context: finance operations, variant 2. Keep the answer precise and use the requested output structure.",ANALYTICAL,formatting,True,0.5,0.5,0.75,0.0,0.75,0.5,T2,medium,,[],,False,formatting coverage example for finance operations,,,AUGMENTED_FORMATTING,,,aug_v3
aug_v3_task_formatting_138,"Convert these messy implementation notes into a strict YAML runbook with owners, prerequisites, commands, rollback steps, and validation checks. Context: finance operations, variant 3. Keep the answer precise and use the requested output structure.",ANALYTICAL,formatting,True,0.5,0.5,0.75,0.0,0.75,0.5,T2,medium,,[],,False,formatting coverage example for finance operations,,,AUGMENTED_FORMATTING,,,aug_v3
aug_v3_task_formatting_139,"Convert these messy implementation notes into a strict YAML runbook with owners, prerequisites, commands, rollback steps, and validation checks. Context: finance operations, variant 4. Keep the answer precise and use the requested output structure.",ANALYTICAL,formatting,True,0.5,0.5,0.75,0.0,0.75,0.5,T2,medium,,[],,False,formatting coverage example for finance operations,,,AUGMENTED_FORMATTING,,,aug_v3
aug_v3_task_formatting_140,"Convert these messy implementation notes into a strict YAML runbook with owners, prerequisites, commands, rollback steps, and validation checks. Context: finance operations, variant 5. Keep the answer precise and use the requested output structure.",ANALYTICAL,formatting,True,0.5,0.5,0.75,0.0,0.75,0.5,T2,medium,,[],,False,formatting coverage example for finance operations,,,AUGMENTED_FORMATTING,,,aug_v3
aug_v3_task_formatting_141,"Convert these messy implementation notes into a strict YAML runbook with owners, prerequisites, commands, rollback steps, and validation checks. Context: HR workflow, variant 1. Keep the answer precise and use the requested output structure.",ANALYTICAL,formatting,True,0.5,0.5,0.75,0.0,0.75,0.5,T2,medium,,[],,False,formatting coverage example for HR workflow,,,AUGMENTED_FORMATTING,,,aug_v3
aug_v3_task_formatting_142,"Convert these messy implementation notes into a strict YAML runbook with owners, prerequisites, commands, rollback steps, and validation checks. Context: HR workflow, variant 2. Keep the answer precise and use the requested output structure.",ANALYTICAL,formatting,True,0.5,0.5,0.75,0.0,0.75,0.5,T2,medium,,[],,False,formatting coverage example for HR workflow,,,AUGMENTED_FORMATTING,,,aug_v3
aug_v3_task_formatting_143,"Convert these messy implementation notes into a strict YAML runbook with owners, prerequisites, commands, rollback steps, and validation checks. Context: HR workflow, variant 3. Keep the answer precise and use the requested output structure.",ANALYTICAL,formatting,True,0.5,0.5,0.75,0.0,0.75,0.5,T2,medium,,[],,False,formatting coverage example for HR workflow,,,AUGMENTED_FORMATTING,,,aug_v3
aug_v3_task_formatting_144,"Convert these messy implementation notes into a strict YAML runbook with owners, prerequisites, commands, rollback steps, and validation checks. Context: HR workflow, variant 4. Keep the answer precise and use the requested output structure.",ANALYTICAL,formatting,True,0.5,0.5,0.75,0.0,0.75,0.5,T2,medium,,[],,False,formatting coverage example for HR workflow,,,AUGMENTED_FORMATTING,,,aug_v3
aug_v3_task_formatting_145,"Convert these messy implementation notes into a strict YAML runbook with owners, prerequisites, commands, rollback steps, and validation checks. Context: HR workflow, variant 5. Keep the answer precise and use the requested output structure.",ANALYTICAL,formatting,True,0.5,0.5,0.75,0.0,0.75,0.5,T2,medium,,[],,False,formatting coverage example for HR workflow,,,AUGMENTED_FORMATTING,,,aug_v3
aug_v3_task_formatting_146,"Convert these messy implementation notes into a strict YAML runbook with owners, prerequisites, commands, rollback steps, and validation checks. Context: data governance, variant 1. Keep the answer precise and use the requested output structure.",ANALYTICAL,formatting,True,0.5,0.5,0.75,0.0,0.75,0.5,T2,medium,,[],,False,formatting coverage example for data governance,,,AUGMENTED_FORMATTING,,,aug_v3
aug_v3_task_formatting_147,"Convert these messy implementation notes into a strict YAML runbook with owners, prerequisites, commands, rollback steps, and validation checks. Context: data governance, variant 2. Keep the answer precise and use the requested output structure.",ANALYTICAL,formatting,True,0.5,0.5,0.75,0.0,0.75,0.5,T2,medium,,[],,False,formatting coverage example for data governance,,,AUGMENTED_FORMATTING,,,aug_v3
aug_v3_task_formatting_148,"Convert these messy implementation notes into a strict YAML runbook with owners, prerequisites, commands, rollback steps, and validation checks. Context: data governance, variant 3. Keep the answer precise and use the requested output structure.",ANALYTICAL,formatting,True,0.5,0.5,0.75,0.0,0.75,0.5,T2,medium,,[],,False,formatting coverage example for data governance,,,AUGMENTED_FORMATTING,,,aug_v3
aug_v3_task_formatting_149,"Convert these messy implementation notes into a strict YAML runbook with owners, prerequisites, commands, rollback steps, and validation checks. Context: data governance, variant 4. Keep the answer precise and use the requested output structure.",ANALYTICAL,formatting,True,0.5,0.5,0.75,0.0,0.75,0.5,T2,medium,,[],,False,formatting coverage example for data governance,,,AUGMENTED_FORMATTING,,,aug_v3
aug_v3_task_formatting_150,"Convert these messy implementation notes into a strict YAML runbook with owners, prerequisites, commands, rollback steps, and validation checks. Context: data governance, variant 5. Keep the answer precise and use the requested output structure.",ANALYTICAL,formatting,True,0.5,0.5,0.75,0.0,0.75,0.5,T2,medium,,[],,False,formatting coverage example for data governance,,,AUGMENTED_FORMATTING,,,aug_v3
aug_v3_task_formatting_151,"Convert these messy implementation notes into a strict YAML runbook with owners, prerequisites, commands, rollback steps, and validation checks. Context: DevOps release, variant 1. Keep the answer precise and use the requested output structure.",ANALYTICAL,formatting,True,0.5,0.5,0.75,0.0,0.75,0.5,T2,medium,,[],,False,formatting coverage example for DevOps release,,,AUGMENTED_FORMATTING,,,aug_v3
aug_v3_task_formatting_152,"Convert these messy implementation notes into a strict YAML runbook with owners, prerequisites, commands, rollback steps, and validation checks. Context: DevOps release, variant 2. Keep the answer precise and use the requested output structure.",ANALYTICAL,formatting,True,0.5,0.5,0.75,0.0,0.75,0.5,T2,medium,,[],,False,formatting coverage example for DevOps release,,,AUGMENTED_FORMATTING,,,aug_v3
aug_v3_task_formatting_153,"Convert these messy implementation notes into a strict YAML runbook with owners, prerequisites, commands, rollback steps, and validation checks. Context: DevOps release, variant 3. Keep the answer precise and use the requested output structure.",ANALYTICAL,formatting,True,0.5,0.5,0.75,0.0,0.75,0.5,T2,medium,,[],,False,formatting coverage example for DevOps release,,,AUGMENTED_FORMATTING,,,aug_v3
aug_v3_task_formatting_154,"Convert these messy implementation notes into a strict YAML runbook with owners, prerequisites, commands, rollback steps, and validation checks. Context: DevOps release, variant 4. Keep the answer precise and use the requested output structure.",ANALYTICAL,formatting,True,0.5,0.5,0.75,0.0,0.75,0.5,T2,medium,,[],,False,formatting coverage example for DevOps release,,,AUGMENTED_FORMATTING,,,aug_v3
aug_v3_task_formatting_155,"Convert these messy implementation notes into a strict YAML runbook with owners, prerequisites, commands, rollback steps, and validation checks. Context: DevOps release, variant 5. Keep the answer precise and use the requested output structure.",ANALYTICAL,formatting,True,0.5,0.5,0.75,0.0,0.75,0.5,T2,medium,,[],,False,formatting coverage example for DevOps release,,,AUGMENTED_FORMATTING,,,aug_v3
aug_v3_task_formatting_156,"Convert these messy implementation notes into a strict YAML runbook with owners, prerequisites, commands, rollback steps, and validation checks. Context: vendor management, variant 1. Keep the answer precise and use the requested output structure.",ANALYTICAL,formatting,True,0.5,0.5,0.75,0.0,0.75,0.5,T2,medium,,[],,False,formatting coverage example for vendor management,,,AUGMENTED_FORMATTING,,,aug_v3
aug_v3_task_formatting_157,"Convert these messy implementation notes into a strict YAML runbook with owners, prerequisites, commands, rollback steps, and validation checks. Context: vendor management, variant 2. Keep the answer precise and use the requested output structure.",ANALYTICAL,formatting,True,0.5,0.5,0.75,0.0,0.75,0.5,T2,medium,,[],,False,formatting coverage example for vendor management,,,AUGMENTED_FORMATTING,,,aug_v3
aug_v3_task_formatting_158,"Convert these messy implementation notes into a strict YAML runbook with owners, prerequisites, commands, rollback steps, and validation checks. Context: vendor management, variant 3. Keep the answer precise and use the requested output structure.",ANALYTICAL,formatting,True,0.5,0.5,0.75,0.0,0.75,0.5,T2,medium,,[],,False,formatting coverage example for vendor management,,,AUGMENTED_FORMATTING,,,aug_v3
aug_v3_task_formatting_159,"Convert these messy implementation notes into a strict YAML runbook with owners, prerequisites, commands, rollback steps, and validation checks. Context: vendor management, variant 4. Keep the answer precise and use the requested output structure.",ANALYTICAL,formatting,True,0.5,0.5,0.75,0.0,0.75,0.5,T2,medium,,[],,False,formatting coverage example for vendor management,,,AUGMENTED_FORMATTING,,,aug_v3
aug_v3_task_formatting_160,"Convert these messy implementation notes into a strict YAML runbook with owners, prerequisites, commands, rollback steps, and validation checks. Context: vendor management, variant 5. Keep the answer precise and use the requested output structure.",ANALYTICAL,formatting,True,0.5,0.5,0.75,0.0,0.75,0.5,T2,medium,,[],,False,formatting coverage example for vendor management,,,AUGMENTED_FORMATTING,,,aug_v3
aug_v3_task_sparql_generation_161,"Generate SPARQL queries to retrieve applications by owner, linked controls, open risks, and related evidence documents from an enterprise governance ontology. Context: cloud infrastructure, variant 1. Keep the answer precise and use the requested output structure.",ANALYTICAL,sparql_generation,True,0.5,1.0,0.75,0.0,0.5,0.575,T2,medium,,[],,False,sparql_generation coverage example for cloud infrastructure,,,AUGMENTED_SPARQL,,,aug_v3
aug_v3_task_sparql_generation_162,"Generate SPARQL queries to retrieve applications by owner, linked controls, open risks, and related evidence documents from an enterprise governance ontology. Context: cloud infrastructure, variant 2. Keep the answer precise and use the requested output structure.",ANALYTICAL,sparql_generation,True,0.5,1.0,0.75,0.0,0.5,0.575,T2,medium,,[],,False,sparql_generation coverage example for cloud infrastructure,,,AUGMENTED_SPARQL,,,aug_v3
aug_v3_task_sparql_generation_163,"Generate SPARQL queries to retrieve applications by owner, linked controls, open risks, and related evidence documents from an enterprise governance ontology. Context: cloud infrastructure, variant 3. Keep the answer precise and use the requested output structure.",ANALYTICAL,sparql_generation,True,0.5,1.0,0.75,0.0,0.5,0.575,T2,medium,,[],,False,sparql_generation coverage example for cloud infrastructure,,,AUGMENTED_SPARQL,,,aug_v3
aug_v3_task_sparql_generation_164,"Generate SPARQL queries to retrieve applications by owner, linked controls, open risks, and related evidence documents from an enterprise governance ontology. Context: cloud infrastructure, variant 4. Keep the answer precise and use the requested output structure.",ANALYTICAL,sparql_generation,True,0.5,1.0,0.75,0.0,0.5,0.575,T2,medium,,[],,False,sparql_generation coverage example for cloud infrastructure,,,AUGMENTED_SPARQL,,,aug_v3
aug_v3_task_sparql_generation_165,"Generate SPARQL queries to retrieve applications by owner, linked controls, open risks, and related evidence documents from an enterprise governance ontology. Context: cloud infrastructure, variant 5. Keep the answer precise and use the requested output structure.",ANALYTICAL,sparql_generation,True,0.5,1.0,0.75,0.0,0.5,0.575,T2,medium,,[],,False,sparql_generation coverage example for cloud infrastructure,,,AUGMENTED_SPARQL,,,aug_v3
aug_v3_task_sparql_generation_166,"Generate SPARQL queries to retrieve applications by owner, linked controls, open risks, and related evidence documents from an enterprise governance ontology. Context: customer support, variant 1. Keep the answer precise and use the requested output structure.",ANALYTICAL,sparql_generation,True,0.5,1.0,0.75,0.0,0.5,0.575,T2,medium,,[],,False,sparql_generation coverage example for customer support,,,AUGMENTED_SPARQL,,,aug_v3
aug_v3_task_sparql_generation_167,"Generate SPARQL queries to retrieve applications by owner, linked controls, open risks, and related evidence documents from an enterprise governance ontology. Context: customer support, variant 2. Keep the answer precise and use the requested output structure.",ANALYTICAL,sparql_generation,True,0.5,1.0,0.75,0.0,0.5,0.575,T2,medium,,[],,False,sparql_generation coverage example for customer support,,,AUGMENTED_SPARQL,,,aug_v3
aug_v3_task_sparql_generation_168,"Generate SPARQL queries to retrieve applications by owner, linked controls, open risks, and related evidence documents from an enterprise governance ontology. Context: customer support, variant 3. Keep the answer precise and use the requested output structure.",ANALYTICAL,sparql_generation,True,0.5,1.0,0.75,0.0,0.5,0.575,T2,medium,,[],,False,sparql_generation coverage example for customer support,,,AUGMENTED_SPARQL,,,aug_v3
aug_v3_task_sparql_generation_169,"Generate SPARQL queries to retrieve applications by owner, linked controls, open risks, and related evidence documents from an enterprise governance ontology. Context: customer support, variant 4. Keep the answer precise and use the requested output structure.",ANALYTICAL,sparql_generation,True,0.5,1.0,0.75,0.0,0.5,0.575,T2,medium,,[],,False,sparql_generation coverage example for customer support,,,AUGMENTED_SPARQL,,,aug_v3
aug_v3_task_sparql_generation_170,"Generate SPARQL queries to retrieve applications by owner, linked controls, open risks, and related evidence documents from an enterprise governance ontology. Context: customer support, variant 5. Keep the answer precise and use the requested output structure.",ANALYTICAL,sparql_generation,True,0.5,1.0,0.75,0.0,0.5,0.575,T2,medium,,[],,False,sparql_generation coverage example for customer support,,,AUGMENTED_SPARQL,,,aug_v3
aug_v3_task_sparql_generation_171,"Generate SPARQL queries to retrieve applications by owner, linked controls, open risks, and related evidence documents from an enterprise governance ontology. Context: security operations, variant 1. Keep the answer precise and use the requested output structure.",ANALYTICAL,sparql_generation,True,0.5,1.0,0.75,0.0,0.5,0.575,T2,medium,,[],,False,sparql_generation coverage example for security operations,,,AUGMENTED_SPARQL,,,aug_v3
aug_v3_task_sparql_generation_172,"Generate SPARQL queries to retrieve applications by owner, linked controls, open risks, and related evidence documents from an enterprise governance ontology. Context: security operations, variant 2. Keep the answer precise and use the requested output structure.",ANALYTICAL,sparql_generation,True,0.5,1.0,0.75,0.0,0.5,0.575,T2,medium,,[],,False,sparql_generation coverage example for security operations,,,AUGMENTED_SPARQL,,,aug_v3
aug_v3_task_sparql_generation_173,"Generate SPARQL queries to retrieve applications by owner, linked controls, open risks, and related evidence documents from an enterprise governance ontology. Context: security operations, variant 3. Keep the answer precise and use the requested output structure.",ANALYTICAL,sparql_generation,True,0.5,1.0,0.75,0.0,0.5,0.575,T2,medium,,[],,False,sparql_generation coverage example for security operations,,,AUGMENTED_SPARQL,,,aug_v3
aug_v3_task_sparql_generation_174,"Generate SPARQL queries to retrieve applications by owner, linked controls, open risks, and related evidence documents from an enterprise governance ontology. Context: security operations, variant 4. Keep the answer precise and use the requested output structure.",ANALYTICAL,sparql_generation,True,0.5,1.0,0.75,0.0,0.5,0.575,T2,medium,,[],,False,sparql_generation coverage example for security operations,,,AUGMENTED_SPARQL,,,aug_v3
aug_v3_task_sparql_generation_175,"Generate SPARQL queries to retrieve applications by owner, linked controls, open risks, and related evidence documents from an enterprise governance ontology. Context: security operations, variant 5. Keep the answer precise and use the requested output structure.",ANALYTICAL,sparql_generation,True,0.5,1.0,0.75,0.0,0.5,0.575,T2,medium,,[],,False,sparql_generation coverage example for security operations,,,AUGMENTED_SPARQL,,,aug_v3
aug_v3_task_sparql_generation_176,"Generate SPARQL queries to retrieve applications by owner, linked controls, open risks, and related evidence documents from an enterprise governance ontology. Context: finance operations, variant 1. Keep the answer precise and use the requested output structure.",ANALYTICAL,sparql_generation,True,0.5,1.0,0.75,0.0,0.5,0.575,T2,medium,,[],,False,sparql_generation coverage example for finance operations,,,AUGMENTED_SPARQL,,,aug_v3
aug_v3_task_sparql_generation_177,"Generate SPARQL queries to retrieve applications by owner, linked controls, open risks, and related evidence documents from an enterprise governance ontology. Context: finance operations, variant 2. Keep the answer precise and use the requested output structure.",ANALYTICAL,sparql_generation,True,0.5,1.0,0.75,0.0,0.5,0.575,T2,medium,,[],,False,sparql_generation coverage example for finance operations,,,AUGMENTED_SPARQL,,,aug_v3
aug_v3_task_sparql_generation_178,"Generate SPARQL queries to retrieve applications by owner, linked controls, open risks, and related evidence documents from an enterprise governance ontology. Context: finance operations, variant 3. Keep the answer precise and use the requested output structure.",ANALYTICAL,sparql_generation,True,0.5,1.0,0.75,0.0,0.5,0.575,T2,medium,,[],,False,sparql_generation coverage example for finance operations,,,AUGMENTED_SPARQL,,,aug_v3
aug_v3_task_sparql_generation_179,"Generate SPARQL queries to retrieve applications by owner, linked controls, open risks, and related evidence documents from an enterprise governance ontology. Context: finance operations, variant 4. Keep the answer precise and use the requested output structure.",ANALYTICAL,sparql_generation,True,0.5,1.0,0.75,0.0,0.5,0.575,T2,medium,,[],,False,sparql_generation coverage example for finance operations,,,AUGMENTED_SPARQL,,,aug_v3
aug_v3_task_sparql_generation_180,"Generate SPARQL queries to retrieve applications by owner, linked controls, open risks, and related evidence documents from an enterprise governance ontology. Context: finance operations, variant 5. Keep the answer precise and use the requested output structure.",ANALYTICAL,sparql_generation,True,0.5,1.0,0.75,0.0,0.5,0.575,T2,medium,,[],,False,sparql_generation coverage example for finance operations,,,AUGMENTED_SPARQL,,,aug_v3
aug_v3_task_sparql_generation_181,"Generate SPARQL queries to retrieve applications by owner, linked controls, open risks, and related evidence documents from an enterprise governance ontology. Context: HR workflow, variant 1. Keep the answer precise and use the requested output structure.",ANALYTICAL,sparql_generation,True,0.5,1.0,0.75,0.0,0.5,0.575,T2,medium,,[],,False,sparql_generation coverage example for HR workflow,,,AUGMENTED_SPARQL,,,aug_v3
aug_v3_task_sparql_generation_182,"Generate SPARQL queries to retrieve applications by owner, linked controls, open risks, and related evidence documents from an enterprise governance ontology. Context: HR workflow, variant 2. Keep the answer precise and use the requested output structure.",ANALYTICAL,sparql_generation,True,0.5,1.0,0.75,0.0,0.5,0.575,T2,medium,,[],,False,sparql_generation coverage example for HR workflow,,,AUGMENTED_SPARQL,,,aug_v3
aug_v3_task_sparql_generation_183,"Generate SPARQL queries to retrieve applications by owner, linked controls, open risks, and related evidence documents from an enterprise governance ontology. Context: HR workflow, variant 3. Keep the answer precise and use the requested output structure.",ANALYTICAL,sparql_generation,True,0.5,1.0,0.75,0.0,0.5,0.575,T2,medium,,[],,False,sparql_generation coverage example for HR workflow,,,AUGMENTED_SPARQL,,,aug_v3
aug_v3_task_sparql_generation_184,"Generate SPARQL queries to retrieve applications by owner, linked controls, open risks, and related evidence documents from an enterprise governance ontology. Context: HR workflow, variant 4. Keep the answer precise and use the requested output structure.",ANALYTICAL,sparql_generation,True,0.5,1.0,0.75,0.0,0.5,0.575,T2,medium,,[],,False,sparql_generation coverage example for HR workflow,,,AUGMENTED_SPARQL,,,aug_v3
aug_v3_task_sparql_generation_185,"Generate SPARQL queries to retrieve applications by owner, linked controls, open risks, and related evidence documents from an enterprise governance ontology. Context: HR workflow, variant 5. Keep the answer precise and use the requested output structure.",ANALYTICAL,sparql_generation,True,0.5,1.0,0.75,0.0,0.5,0.575,T2,medium,,[],,False,sparql_generation coverage example for HR workflow,,,AUGMENTED_SPARQL,,,aug_v3
aug_v3_task_sparql_generation_186,"Generate SPARQL queries to retrieve applications by owner, linked controls, open risks, and related evidence documents from an enterprise governance ontology. Context: data governance, variant 1. Keep the answer precise and use the requested output structure.",ANALYTICAL,sparql_generation,True,0.5,1.0,0.75,0.0,0.5,0.575,T2,medium,,[],,False,sparql_generation coverage example for data governance,,,AUGMENTED_SPARQL,,,aug_v3
aug_v3_task_sparql_generation_187,"Generate SPARQL queries to retrieve applications by owner, linked controls, open risks, and related evidence documents from an enterprise governance ontology. Context: data governance, variant 2. Keep the answer precise and use the requested output structure.",ANALYTICAL,sparql_generation,True,0.5,1.0,0.75,0.0,0.5,0.575,T2,medium,,[],,False,sparql_generation coverage example for data governance,,,AUGMENTED_SPARQL,,,aug_v3
aug_v3_task_sparql_generation_188,"Generate SPARQL queries to retrieve applications by owner, linked controls, open risks, and related evidence documents from an enterprise governance ontology. Context: data governance, variant 3. Keep the answer precise and use the requested output structure.",ANALYTICAL,sparql_generation,True,0.5,1.0,0.75,0.0,0.5,0.575,T2,medium,,[],,False,sparql_generation coverage example for data governance,,,AUGMENTED_SPARQL,,,aug_v3
aug_v3_task_sparql_generation_189,"Generate SPARQL queries to retrieve applications by owner, linked controls, open risks, and related evidence documents from an enterprise governance ontology. Context: data governance, variant 4. Keep the answer precise and use the requested output structure.",ANALYTICAL,sparql_generation,True,0.5,1.0,0.75,0.0,0.5,0.575,T2,medium,,[],,False,sparql_generation coverage example for data governance,,,AUGMENTED_SPARQL,,,aug_v3
aug_v3_task_sparql_generation_190,"Generate SPARQL queries to retrieve applications by owner, linked controls, open risks, and related evidence documents from an enterprise governance ontology. Context: data governance, variant 5. Keep the answer precise and use the requested output structure.",ANALYTICAL,sparql_generation,True,0.5,1.0,0.75,0.0,0.5,0.575,T2,medium,,[],,False,sparql_generation coverage example for data governance,,,AUGMENTED_SPARQL,,,aug_v3
aug_v3_task_sparql_generation_191,"Generate SPARQL queries to retrieve applications by owner, linked controls, open risks, and related evidence documents from an enterprise governance ontology. Context: DevOps release, variant 1. Keep the answer precise and use the requested output structure.",ANALYTICAL,sparql_generation,True,0.5,1.0,0.75,0.0,0.5,0.575,T2,medium,,[],,False,sparql_generation coverage example for DevOps release,,,AUGMENTED_SPARQL,,,aug_v3
aug_v3_task_sparql_generation_192,"Generate SPARQL queries to retrieve applications by owner, linked controls, open risks, and related evidence documents from an enterprise governance ontology. Context: DevOps release, variant 2. Keep the answer precise and use the requested output structure.",ANALYTICAL,sparql_generation,True,0.5,1.0,0.75,0.0,0.5,0.575,T2,medium,,[],,False,sparql_generation coverage example for DevOps release,,,AUGMENTED_SPARQL,,,aug_v3
aug_v3_task_sparql_generation_193,"Generate SPARQL queries to retrieve applications by owner, linked controls, open risks, and related evidence documents from an enterprise governance ontology. Context: DevOps release, variant 3. Keep the answer precise and use the requested output structure.",ANALYTICAL,sparql_generation,True,0.5,1.0,0.75,0.0,0.5,0.575,T2,medium,,[],,False,sparql_generation coverage example for DevOps release,,,AUGMENTED_SPARQL,,,aug_v3
aug_v3_task_sparql_generation_194,"Generate SPARQL queries to retrieve applications by owner, linked controls, open risks, and related evidence documents from an enterprise governance ontology. Context: DevOps release, variant 4. Keep the answer precise and use the requested output structure.",ANALYTICAL,sparql_generation,True,0.5,1.0,0.75,0.0,0.5,0.575,T2,medium,,[],,False,sparql_generation coverage example for DevOps release,,,AUGMENTED_SPARQL,,,aug_v3
aug_v3_task_sparql_generation_195,"Generate SPARQL queries to retrieve applications by owner, linked controls, open risks, and related evidence documents from an enterprise governance ontology. Context: DevOps release, variant 5. Keep the answer precise and use the requested output structure.",ANALYTICAL,sparql_generation,True,0.5,1.0,0.75,0.0,0.5,0.575,T2,medium,,[],,False,sparql_generation coverage example for DevOps release,,,AUGMENTED_SPARQL,,,aug_v3
aug_v3_task_sparql_generation_196,"Generate SPARQL queries to retrieve applications by owner, linked controls, open risks, and related evidence documents from an enterprise governance ontology. Context: vendor management, variant 1. Keep the answer precise and use the requested output structure.",ANALYTICAL,sparql_generation,True,0.5,1.0,0.75,0.0,0.5,0.575,T2,medium,,[],,False,sparql_generation coverage example for vendor management,,,AUGMENTED_SPARQL,,,aug_v3
aug_v3_task_sparql_generation_197,"Generate SPARQL queries to retrieve applications by owner, linked controls, open risks, and related evidence documents from an enterprise governance ontology. Context: vendor management, variant 2. Keep the answer precise and use the requested output structure.",ANALYTICAL,sparql_generation,True,0.5,1.0,0.75,0.0,0.5,0.575,T2,medium,,[],,False,sparql_generation coverage example for vendor management,,,AUGMENTED_SPARQL,,,aug_v3
aug_v3_task_sparql_generation_198,"Generate SPARQL queries to retrieve applications by owner, linked controls, open risks, and related evidence documents from an enterprise governance ontology. Context: vendor management, variant 3. Keep the answer precise and use the requested output structure.",ANALYTICAL,sparql_generation,True,0.5,1.0,0.75,0.0,0.5,0.575,T2,medium,,[],,False,sparql_generation coverage example for vendor management,,,AUGMENTED_SPARQL,,,aug_v3
aug_v3_task_sparql_generation_199,"Generate SPARQL queries to retrieve applications by owner, linked controls, open risks, and related evidence documents from an enterprise governance ontology. Context: vendor management, variant 4. Keep the answer precise and use the requested output structure.",ANALYTICAL,sparql_generation,True,0.5,1.0,0.75,0.0,0.5,0.575,T2,medium,,[],,False,sparql_generation coverage example for vendor management,,,AUGMENTED_SPARQL,,,aug_v3
aug_v3_task_sparql_generation_200,"Generate SPARQL queries to retrieve applications by owner, linked controls, open risks, and related evidence documents from an enterprise governance ontology. Context: vendor management, variant 5. Keep the answer precise and use the requested output structure.",ANALYTICAL,sparql_generation,True,0.5,1.0,0.75,0.0,0.5,0.575,T2,medium,,[],,False,sparql_generation coverage example for vendor management,,,AUGMENTED_SPARQL,,,aug_v3
